Workbook

Sheet SP1
A1: Div | B1: Date | C1: Time | D1: HomeTeam | E1: AwayTeam | F1: FTHG | G1: FTAG | H1: FTR | I1: HTHG | J1: HTAG | K1: HTR | L1: HS | M1: AS | N1: HST | O1: AST | P1: HF | Q1: AF | R1: HC | S1: AC | T1: HY | U1: AY | V1: HR | W1: AR | X1: B365H | Y1: B365D | Z1: B365A | AA1: BFDH | AB1: BFDD | AC1: BFDA | AD1: BMGMH | AE1: BMGMD | AF1: BMGMA | AG1: BVH | AH1: BVD | AI1: BVA | AJ1: BWH | AK1: BWD | AL1: BWA | AM1: CLH | AN1: CLD | AO1: CLA | AP1: LBH | AQ1: LBD | AR1: LBA | AS1: PSH | AT1: PSD | AU1: PSA | AV1: MaxH | AW1: MaxD | AX1: MaxA | AY1: AvgH | AZ1: AvgD | BA1: AvgA | BB1: BFEH | BC1: BFED | BD1: BFEA | BE1: B365>2.5 | BF1: B365<2.5 | BG1: P>2.5 | BH1: P<2.5 | BI1: Max>2.5 | BJ1: Max<2.5 | BK1: Avg>2.5 | BL1: Avg<2.5 | BM1: BFE>2.5 | BN1: BFE<2.5 | BO1: AHh | BP1: B365AHH | BQ1: B365AHA | BR1: PAHH | BS1: PAHA | BT1: MaxAHH | BU1: MaxAHA | BV1: AvgAHH | BW1: AvgAHA | BX1: BFEAHH | BY1: BFEAHA | BZ1: B365CH | CA1: B365CD | CB1: B365CA | CC1: BFDCH | CD1: BFDCD | CE1: BFDCA | CF1: BMGMCH | CG1: BMGMCD | CH1: BMGMCA | CI1: BVCH | CJ1: BVCD | CK1: BVCA | CL1: BWCH | CM1: BWCD | CN1: BWCA | CO1: CLCH | CP1: CLCD | CQ1: CLCA | CR1: LBCH | CS1: LBCD | CT1: LBCA | CU1: PSCH | CV1: PSCD | CW1: PSCA | CX1: MaxCH | CY1: MaxCD | CZ1: MaxCA | DA1: AvgCH | DB1: AvgCD | DC1: AvgCA | DD1: BFECH | DE1: BFECD | DF1: BFECA | DG1: B365C>2.5 | DH1: B365C<2.5 | DI1: PC>2.5 | DJ1: PC<2.5 | DK1: MaxC>2.5 | DL1: MaxC<2.5 | DM1: AvgC>2.5 | DN1: AvgC<2.5 | DO1: BFEC>2.5 | DP1: BFEC<2.5 | DQ1: AHCh | DR1: B365CAHH | DS1: B365CAHA | DT1: PCAHH | DU1: PCAHA | DV1: MaxCAHH | DW1: MaxCAHA | DX1: AvgCAHH | DY1: AvgCAHA | DZ1: BFECAHH | EA1: BFECAHA
A2: SP1 | B2: 2025-08-15 | C2: 18:00:00.000 | D2: Girona | E2: Vallecano | F2: 1 | G2: 3 | H2: A | I2: 0 | J2: 3 | K2: A | L2: 7 | M2: 16 | N2: 2 | O2: 5 | P2: 8 | Q2: 17 | R2: 2 | S2: 4 | T2: 0 | U2: 1 | V2: 1 | W2: 0 | X2: 2.25 | Y2: 3.25 | Z2: 3.3 | AA2: 2.3 | AB2: 3.2 | AC2: 3.25 | AD2: 2.17 | AE2: 3.25 | AF2: 3.25 | AG2: 2.25 | AH2: 3.3 | AI2: 3.25 | AJ2: 2.25 | AK2: 3.25 | AL2: 3.25 | AM2: 2.25 | AN2: 3.3 | AO2: 3.25 | AP2: 2.25 | AQ2: 3.25 | AR2: 3.2 | AS2: 2.3 | AT2: 3.3 | AU2: 3.45 | AV2: 2.3 | AW2: 3.33 | AX2: 3.35 | AY2: 2.24 | AZ2: 3.26 | BA2: 3.26 | BB2: 2.34 | BC2: 3.4 | BD2: 3.5 | BE2: 2.2 | BF2: 1.67 | BG2: 2.24 | BH2: 1.71 | BI2: 2.2 | BJ2: 1.73 | BK2: 2.14 | BL2: 1.68 | BM2: 2.26 | BN2: 1.78 | BO2: -0.25 | BP2: 1.98 | BQ2: 1.88 | BR2: 1.97 | BS2: 1.95 | BT2: 1.98 | BU2: 1.91 | BV2: 1.84 | BW2: 1.85 | BX2: 1.99 | BY2: 1.98 | BZ2: 2.45 | CA2: 3.2 | CB2: 3.1 | CC2: 2.4 | CD2: 3.2 | CE2: 3.1 | CF2: 2.33 | CG2: 3 | CH2: 3.1 | CI2: 2.4 | CJ2: 3.25 | CK2: 3 | CL2: 2.35 | CM2: 3.2 | CN2: 3.1 | CO2: 2.37 | CP2: 3.2 | CQ2: 3.1 | CR2: 2.37 | CS2: 3.2 | CT2: 3.1 | CU2: 2.29 | CV2: 3.32 | CW2: 3.45 | CX2: 2.45 | CY2: 3.25 | CZ2: 3.15 | DA2: 2.39 | DB2: 3.15 | DC2: 3.09 | DD2: 2.5 | DE2: 3.25 | DF2: 3.35 | DG2: 2.2 | DH2: 1.67 | DI2: 2.24 | DJ2: 1.72 | DK2: 2.22 | DL2: 1.68 | DM2: 2.17 | DN2: 1.66 | DO2: 2.36 | DP2: 1.72 | DQ2: -0.25 | DR2: 2.1 | DS2: 1.78 | DT2: 1.97 | DU2: 1.95 | DV2: 2.1 | DW2: 1.8 | DX2: 1.95 | DY2: 1.75 | DZ2: 2.11 | EA2: 1.89
A3: SP1 | B3: 2025-08-15 | C3: 20:29:59.9999999999968050 | D3: Villarreal | E3: Oviedo | F3: 2 | G3: 0 | H3: H | I3: 2 | J3: 0 | K3: H | L3: 25 | M3: 5 | N3: 10 | O3: 4 | P3: 10 | Q3: 8 | R3: 10 | S3: 1 | T3: 1 | U3: 2 | V3: 0 | W3: 1 | X3: 1.4 | Y3: 4.75 | Z3: 8 | AA3: 1.4 | AB3: 4.5 | AC3: 8.5 | AD3: 1.34 | AE3: 5 | AF3: 7.5 | AG3: 1.36 | AH3: 4.75 | AI3: 8.5 | AJ3: 1.4 | AK3: 4.6 | AL3: 8 | AM3: 1.4 | AN3: 4.6 | AO3: 8 | AP3: 1.4 | AQ3: 4.6 | AR3: 8 | AS3: 1.41 | AT3: 4.76 | AU3: 8.8 | AV3: 1.4 | AW3: 5.1 | AX3: 8.5 | AY3: 1.38 | AZ3: 4.74 | BA3: 8.11 | BB3: 1.41 | BC3: 5.1 | BD3: 9.6 | BE3: 1.85 | BF3: 2 | BG3: 1.89 | BH3: 2.02 | BI3: 1.91 | BJ3: 2 | BK3: 1.84 | BL3: 1.92 | BM3: 1.95 | BN3: 2.02 | BO3: -1.25 | BP3: 1.88 | BQ3: 1.98 | BR3: 1.96 | BS3: 1.96 | BT3: 1.9 | BU3: 1.98 | BV3: 1.81 | BW3: 1.88 | BX3: 1.96 | BY3: 2 | BZ3: 1.4 | CA3: 4.75 | CB3: 8 | CC3: 1.36 | CD3: 4.6 | CE3: 9 | CF3: 1.37 | CG3: 4.8 | CH3: 7.5 | CI3: 1.36 | CJ3: 4.75 | CK3: 9 | CL3: 1.41 | CM3: 4.6 | CN3: 7.75 | CO3: 1.4 | CP3: 4.6 | CQ3: 8 | CR3: 1.4 | CS3: 4.5 | CT3: 7.5 | CU3: 1.4 | CV3: 4.87 | CW3: 8.96 | CX3: 1.42 | CY3: 4.9 | CZ3: 9 | DA3: 1.39 | DB3: 4.7 | DC3: 8.02 | DD3: 1.41 | DE3: 5.2 | DF3: 9.6 | DG3: 1.83 | DH3: 2.03 | DI3: 1.85 | DJ3: 2.06 | DK3: 1.89 | DL3: 2.03 | DM3: 1.82 | DN3: 1.94 | DO3: 1.9 | DP3: 2.06 | DQ3: -1.25 | DR3: 1.9 | DS3: 1.95 | DT3: 1.93 | DU3: 2 | DV3: 1.94 | DW3: 1.96 | DX3: 1.82 | DY3: 1.87 | DZ3: 1.96 | EA3: 2.02
A4: SP1 | B4: 2025-08-16 | C4: 18:30:00.0000000000031950 | D4: Mallorca | E4: Barcelona | F4: 0 | G4: 3 | H4: A | I4: 0 | J4: 2 | K4: A | L4: 4 | M4: 24 | N4: 1 | O4: 8 | P4: 8 | Q4: 17 | R4: 3 | S4: 6 | T4: 4 | U4: 1 | V4: 2 | W4: 0 | X4: 7 | Y4: 5 | Z4: 1.4 | AA4: 7 | AB4: 4.6 | AC4: 1.44 | AD4: 7 | AE4: 4.9 | AF4: 1.38 | AG4: 7 | AH4: 4.6 | AI4: 1.44 | AJ4: 6.5 | AK4: 4.75 | AL4: 1.46 | AM4: 6.5 | AN4: 4.6 | AO4: 1.44 | AP4: 6.5 | AQ4: 4.6 | AR4: 1.44 | AS4: 6.68 | AT4: 5.03 | AU4: 1.45 | AV4: 7 | AW4: 5 | AX4: 1.48 | AY4: 6.75 | AZ4: 4.74 | BA4: 1.43 | BB4: 7.8 | BC4: 5.2 | BD4: 1.47 | BE4: 1.62 | BF4: 2.3 | BG4: 1.64 | BH4: 2.35 | BI4: 1.62 | BJ4: 2.35 | BK4: 1.6 | BL4: 2.25 | BM4: 1.66 | BN4: 2.46 | BO4: 1.25 | BP4: 1.88 | BQ4: 1.98 | BR4: 1.9 | BS4: 2.01 | BT4: 1.88 | BU4: 1.98 | BV4: 1.83 | BW4: 1.85 | BX4: 1.95 | BY4: 1.99 | BZ4: 9.5 | CA4: 5.5 | CB4: 1.3 | CC4: 9.5 | CD4: 6 | CE4: 1.29 | CF4: 8.5 | CG4: 5.5 | CH4: 1.29 | CI4: 9 | CJ4: 6 | CK4: 1.29 | CL4: 8.75 | CM4: 5.75 | CN4: 1.31 | CO4: 8.5 | CP4: 5.75 | CQ4: 1.3 | CR4: 8.5 | CS4: 5.5 | CT4: 1.3 | CU4: 8.06 | CV4: 5.31 | CW4: 1.39 | CX4: 9.5 | CY4: 7.8 | CZ4: 5.4 | DA4: 8.7 | DB4: 5.79 | DC4: 1.56 | DD4: 10 | DE4: 5.8 | DF4: 1.37 | DG4: 1.44 | DH4: 2.75 | DI4: 1.5 | DJ4: 2.71 | DK4: 1.47 | DL4: 2.9 | DM4: 1.43 | DN4: 2.72 | DO4: 1.49 | DP4: 2.98 | DQ4: 1.5 | DR4: 2 | DS4: 1.85 | DT4: 1.88 | DU4: 2.05 | DV4: 2 | DW4: 1.93 | DX4: 1.9 | DY4: 1.86 | DZ4: 2.04 | EA4: 1.94
A5: SP1 | B5: 2025-08-16 | C5: 20:29:59.9999999999968050 | D5: Alaves | E5: Levante | F5: 2 | G5: 1 | H5: H | I5: 1 | J5: 0 | K5: H | L5: 15 | M5: 7 | N5: 4 | O5: 3 | P5: 15 | Q5: 13 | R5: 10 | S5: 1 | T5: 0 | U5: 1 | V5: 0 | W5: 0 | X5: 2.15 | Y5: 3 | Z5: 3.8 | AA5: 2.2 | AB5: 3 | AC5: 3.75 | AD5: 2.16 | AE5: 3.05 | AF5: 3.55 | AG5: 2.15 | AH5: 3.1 | AI5: 3.7 | AJ5: 2.25 | AK5: 3 | AL5: 3.5 | AM5: 2.25 | AN5: 3 | AO5: 3.5 | AP5: 2.25 | AQ5: 3 | AR5: 3.5 | AS5: 2.18 | AT5: 3.18 | AU5: 3.84 | AV5: 2.25 | AW5: 3.1 | AX5: 3.8 | AY5: 2.19 | AZ5: 3.04 | BA5: 3.64 | BB5: 2.28 | BC5: 3.2 | BD5: 3.95 | BE5: 2.63 | BF5: 1.5 | BG5: 2.77 | BH5: 1.48 | BI5: 2.7 | BJ5: 1.5 | BK5: 2.58 | BL5: 1.47 | BM5: 2.78 | BN5: 1.52 | BO5: -0.25 | BP5: 1.83 | BQ5: 2.03 | BR5: 1.85 | BS5: 2.06 | BT5: 1.86 | BU5: 2.03 | BV5: 1.78 | BW5: 1.91 | BX5: 1.92 | BY5: 2.07 | BZ5: 2.1 | CA5: 3.1 | CB5: 3.9 | CC5: 2.1 | CD5: 3.1 | CE5: 4 | CF5: 2.08 | CG5: 2.95 | CH5: 3.85 | CI5: 2.05 | CJ5: 3.13 | CK5: 4 | CL5: 2.05 | CM5: 3.1 | CN5: 3.9 | CO5: 2.1 | CP5: 3.1 | CQ5: 3.8 | CR5: 2.05 | CS5: 3.1 | CT5: 3.9 | CU5: 2.19 | CV5: 3.14 | CW5: 3.93 | CX5: 2.12 | CY5: 3.15 | CZ5: 4 | DA5: 2.08 | DB5: 3.08 | DC5: 3.92 | DD5: 2.14 | DE5: 3.25 | DF5: 4.3 | DG5: 2.63 | DH5: 1.5 | DI5: 2.54 | DJ5: 1.57 | DK5: 2.63 | DL5: 1.54 | DM5: 2.51 | DN5: 1.5 | DO5: 2.66 | DP5: 1.59 | DQ5: -0.25 | DR5: 1.8 | DS5: 2.05 | DT5: 1.86 | DU5: 2.07 | DV5: 1.8 | DW5: 2.07 | DX5: 1.7 | DY5: 2 | DZ5: 1.81 | EA5: 2.2
A6: SP1 | B6: 2025-08-16 | C6: 20:29:59.9999999999968050 | D6: Valencia | E6: Sociedad | F6: 1 | G6: 1 | H6: D | I6: 0 | J6: 0 | K6: D | L6: 18 | M6: 13 | N6: 2 | O6: 3 | P6: 5 | Q6: 11 | R6: 8 | S6: 7 | T6: 1 | U6: 2 | V6: 0 | W6: 0 | X6: 2.6 | Y6: 2.9 | Z6: 3.1 | AA6: 2.5 | AB6: 2.88 | AC6: 3.2 | AD6: 2.5 | AE6: 2.85 | AF6: 3 | AG6: 2.55 | AH6: 2.9 | AI6: 3.1 | AJ6: 2.55 | AK6: 2.95 | AL6: 3 | AM6: 2.6 | AN6: 3 | AO6: 3 | AP6: 2.5 | AQ6: 2.9 | AR6: 3 | AS6: 2.65 | AT6: 2.89 | AU6: 3.23 | AV6: 2.6 | AW6: 3 | AX6: 3.2 | AY6: 2.55 | AZ6: 2.89 | BA6: 3.07 | BB6: 2.74 | BC6: 2.98 | BD6: 3.3 | BE6: 2.75 | BF6: 1.44 | BG6: 2.85 | BH6: 1.44 | BI6: 3.05 | BJ6: 1.45 | BK6: 2.76 | BL6: 1.41 | BM6: 2.94 | BN6: 1.48 | BO6: 0 | BP6: 1.75 | BQ6: 2.13 | BR6: 1.78 | BS6: 2.17 | BT6: 1.8 | BU6: 2.13 | BV6: 1.74 | BW6: 2.01 | BX6: 1.82 | BY6: 2.19 | BZ6: 2.45 | CA6: 3 | CB6: 3.2 | CC6: 2.4 | CD6: 3 | CE6: 3.2 | CF6: 2.38 | CG6: 2.95 | CH6: 3.15 | CI6: 2.45 | CJ6: 3.1 | CK6: 3.1 | CL6: 2.45 | CM6: 2.95 | CN6: 3.2 | CO6: 2.45 | CP6: 3 | CQ6: 3.2 | CR6: 2.45 | CS6: 2.9 | CT6: 3.1 | CU6: 2.53 | CV6: 3.04 | CW6: 3.3 | CX6: 2.49 | CY6: 3.1 | CZ6: 3.25 | DA6: 2.43 | DB6: 3 | DC6: 3.18 | DD6: 2.58 | DE6: 3.1 | DF6: 3.35 | DG6: 2.63 | DH6: 1.5 | DI6: 2.55 | DJ6: 1.56 | DK6: 2.63 | DL6: 1.55 | DM6: 2.49 | DN6: 1.51 | DO6: 2.68 | DP6: 1.57 | DQ6: -0.25 | DR6: 2.1 | DS6: 1.78 | DT6: 2.13 | DU6: 1.81 | DV6: 2.1 | DW6: 1.78 | DX6: 1.96 | DY6: 1.74 | DZ6: 2.18 | EA6: 1.84
A7: SP1 | B7: 2025-08-17 | C7: 15:59:59.9999999999968050 | D7: Celta | E7: Getafe | F7: 0 | G7: 2 | H7: A | I7: 0 | J7: 0 | K7: D | L7: 11 | M7: 10 | N7: 3 | O7: 3 | P7: 15 | Q7: 17 | R7: 9 | S7: 3 | T7: 3 | U7: 2 | V7: 0 | W7: 0 | X7: 1.73 | Y7: 3.5 | Z7: 5.25 | AA7: 1.73 | AB7: 3.4 | AC7: 5.5 | AD7: 1.65 | AE7: 3.6 | AF7: 5.2 | AG7: 1.7 | AH7: 3.3 | AI7: 5 | AJ7: 1.72 | AK7: 3.5 | AL7: 5.25 | AM7: 1.73 | AN7: 3.5 | AO7: 5.25 | AP7: 1.7 | AQ7: 3.5 | AR7: 5.25 | AS7: 1.76 | AT7: 3.43 | AU7: 5.71 | AV7: 1.75 | AW7: 3.65 | AX7: 5.66 | AY7: 1.71 | AZ7: 3.48 | BA7: 5.25 | BB7: 1.77 | BC7: 3.65 | BD7: 5.8 | BE7: 2.38 | BF7: 1.57 | BG7: 2.5 | BH7: 1.57 | BI7: 2.4 | BJ7: 1.58 | BK7: 2.36 | BL7: 1.54 | BM7: 2.52 | BN7: 1.62 | BO7: -0.75 | BP7: 1.98 | BQ7: 1.88 | BR7: 2.01 | BS7: 1.9 | BT7: 1.98 | BU7: 1.9 | BV7: 1.89 | BW7: 1.8 | BX7: 2.01 | BY7: 1.93 | BZ7: 1.67 | CA7: 3.5 | CB7: 5.75 | CC7: 1.67 | CD7: 3.4 | CE7: 6 | CF7: 1.63 | CG7: 3.5 | CH7: 5.6 | CI7: 1.67 | CJ7: 3.5 | CK7: 6 | CL7: 1.7 | CM7: 3.4 | CN7: 5.75 | CO7: 1.7 | CP7: 3.4 | CQ7: 5.75 | CR7: 1.7 | CS7: 3.4 | CT7: 5.75 | CU7: 1.61 | CV7: 3.73 | CW7: 7.04 | CX7: 1.7 | CY7: 3.55 | CZ7: 6 | DA7: 1.67 | DB7: 3.48 | DC7: 5.81 | DD7: 1.75 | DE7: 3.6 | DF7: 6.4 | DG7: 2.63 | DH7: 1.5 | DI7: 2.49 | DJ7: 1.58 | DK7: 2.63 | DL7: 1.55 | DM7: 2.49 | DN7: 1.51 | DO7: 2.68 | DP7: 1.57 | DQ7: -0.75 | DR7: 1.93 | DS7: 1.93 | DT7: 1.81 | DU7: 2.15 | DV7: 1.93 | DW7: 1.95 | DX7: 1.85 | DY7: 1.84 | DZ7: 2 | EA7: 1.99
A8: SP1 | B8: 2025-08-17 | C8: 18:30:00.0000000000031950 | D8: Ath Bilbao | E8: Sevilla | F8: 3 | G8: 2 | H8: H | I8: 2 | J8: 0 | K8: H | L8: 14 | M8: 12 | N8: 3 | O8: 6 | P8: 8 | Q8: 12 | R8: 10 | S8: 1 | T8: 0 | U8: 2 | V8: 0 | W8: 0 | X8: 1.57 | Y8: 3.9 | Z8: 6 | AA8: 1.57 | AB8: 3.75 | AC8: 6.5 | AD8: 1.47 | AE8: 4.1 | AF8: 6.75 | AG8: 1.53 | AH8: 3.7 | AI8: 5.75 | AJ8: 1.6 | AK8: 3.8 | AL8: 6 | AM8: 1.6 | AN8: 3.8 | AO8: 6 | AP8: 1.6 | AQ8: 3.8 | AR8: 5.75 | AS8: 1.6 | AT8: 4.05 | AU8: 6.12 | AV8: 1.6 | AW8: 4.2 | AX8: 6.75 | AY8: 1.55 | AZ8: 3.91 | BA8: 6.17 | BB8: 1.61 | BC8: 4 | BD8: 6.8 | BE8: 2.1 | BF8: 1.73 | BG8: 2.11 | BH8: 1.78 | BI8: 2.1 | BJ8: 1.74 | BK8: 2.07 | BL8: 1.71 | BM8: 2.18 | BN8: 1.81 | BO8: -1 | BP8: 2.05 | BQ8: 1.8 | BR8: 2.08 | BS8: 1.84 | BT8: 2.05 | BU8: 1.85 | BV8: 1.91 | BW8: 1.8 | BX8: 2.07 | BY8: 1.86 | BZ8: 1.53 | CA8: 3.8 | CB8: 6.5 | CC8: 1.57 | CD8: 3.75 | CE8: 6.5 | CF8: 1.53 | CG8: 3.8 | CH8: 6.25 | CI8: 1.55 | CJ8: 3.9 | CK8: 6.5 | CL8: 1.58 | CM8: 3.7 | CN8: 6.5 | CO8: 1.57 | CP8: 3.75 | CQ8: 6.5 | CR8: 1.57 | CS8: 3.7 | CT8: 6.5 | CU8: 1.67 | CV8: 3.69 | CW8: 6.24 | CX8: 1.59 | CY8: 3.9 | CZ8: 6.6 | DA8: 1.56 | DB8: 3.8 | DC8: 6.43 | DD8: 1.62 | DE8: 4 | DF8: 7.2 | DG8: 2.2 | DH8: 1.67 | DI8: 2.31 | DJ8: 1.67 | DK8: 2.25 | DL8: 1.67 | DM8: 2.2 | DN8: 1.64 | DO8: 2.28 | DP8: 1.75 | DQ8: -1 | DR8: 2 | DS8: 1.85 | DT8: 2.25 | DU8: 1.72 | DV8: 2.04 | DW8: 1.85 | DX8: 1.96 | DY8: 1.76 | DZ8: 2.11 | EA8: 1.88
A9: SP1 | B9: 2025-08-17 | C9: 20:29:59.9999999999968050 | D9: Espanol | E9: Ath Madrid | F9: 2 | G9: 1 | H9: H | I9: 0 | J9: 1 | K9: A | L9: 10 | M9: 15 | N9: 5 | O9: 4 | P9: 14 | Q9: 11 | R9: 1 | S9: 3 | T9: 3 | U9: 3 | V9: 0 | W9: 0 | X9: 6 | Y9: 3.9 | Z9: 1.57 | AA9: 6.5 | AB9: 3.75 | AC9: 1.57 | AD9: 6.1 | AE9: 4 | AF9: 1.52 | AG9: 6 | AH9: 3.6 | AI9: 1.53 | AJ9: 6.5 | AK9: 4 | AL9: 1.53 | AM9: 6.5 | AN9: 4 | AO9: 1.53 | AP9: 6.5 | AQ9: 4 | AR9: 1.53 | AS9: 6.57 | AT9: 3.86 | AU9: 1.6 | AV9: 6.66 | AW9: 4 | AX9: 1.6 | AY9: 6.25 | AZ9: 3.86 | BA9: 1.55 | BB9: 7.2 | BC9: 4 | BD9: 1.62 | BE9: 2.2 | BF9: 1.67 | BG9: 2.28 | BH9: 1.68 | BI9: 2.2 | BJ9: 1.72 | BK9: 2.14 | BL9: 1.66 | BM9: 2.32 | BN9: 1.72 | BO9: 1 | BP9: 1.8 | BQ9: 2.05 | BR9: 1.83 | BS9: 2.1 | BT9: 1.8 | BU9: 2.05 | BV9: 1.77 | BW9: 1.94 | BX9: 1.86 | BY9: 2.09 | BZ9: 5.5 | CA9: 3.9 | CB9: 1.62 | CC9: 6 | CD9: 3.75 | CE9: 1.6 | CF9: 5.6 | CG9: 3.9 | CH9: 1.56 | CI9: 5.75 | CJ9: 3.9 | CK9: 1.6 | CL9: 5.75 | CM9: 3.8 | CN9: 1.62 | CO9: 5.75 | CP9: 3.8 | CQ9: 1.61 | CR9: 5.5 | CS9: 3.8 | CT9: 1.61 | CU9: 5.8 | CV9: 3.89 | CW9: 1.66 | CX9: 6.2 | CY9: 4 | CZ9: 1.65 | DA9: 5.7 | DB9: 3.86 | DC9: 1.6 | DD9: 6.2 | DE9: 4.1 | DF9: 1.66 | DG9: 2 | DH9: 1.85 | DI9: 1.97 | DJ9: 1.93 | DK9: 2 | DL9: 1.89 | DM9: 1.94 | DN9: 1.82 | DO9: 2.02 | DP9: 1.96 | DQ9: 1 | DR9: 1.73 | DS9: 2.08 | DT9: 1.76 | DU9: 2.17 | DV9: 1.83 | DW9: 2.09 | DX9: 1.73 | DY9: 2 | DZ9: 1.81 | EA9: 2.18
A10: SP1 | B10: 2025-08-18 | C10: 20:00:00.0000000000031950 | D10: Elche | E10: Betis | F10: 1 | G10: 1 | H10: D | I10: 0 | J10: 1 | K10: A | L10: 6 | M10: 12 | N10: 2 | O10: 4 | P10: 14 | Q10: 13 | R10: 1 | S10: 3 | T10: 0 | U10: 1 | V10: 0 | W10: 0 | X10: 3.4 | Y10: 3.3 | Z10: 2.2 | AA10: 3.4 | AB10: 3.25 | AC10: 2.2 | AD10: 3.2 | AE10: 3.3 | AF10: 2.17 | AG10: 3.25 | AH10: 3.2 | AI10: 2.1 | AJ10: 3.4 | AK10: 3.25 | AL10: 2.2 | AM10: 3.4 | AN10: 3.25 | AO10: 2.2 | AP10: 3.4 | AQ10: 3.25 | AR10: 2.15 | AS10: 3.45 | AT10: 3.43 | AU10: 2.21 | AV10: 3.4 | AW10: 3.4 | AX10: 2.2 | AY10: 3.33 | AZ10: 3.27 | BA10: 2.17 | BB10: 3.55 | BC10: 3.4 | BD10: 2.28 | BE10: 2.2 | BF10: 1.67 | BG10: 2.21 | BH10: 1.72 | BI10: 2.2 | BJ10: 1.76 | BK10: 2.08 | BL10: 1.7 | BM10: 2.24 | BN10: 1.77 | BO10: 0.25 | BP10: 1.98 | BQ10: 1.88 | BR10: 2 | BS10: 1.91 | BT10: 1.98 | BU10: 1.88 | BV10: 1.88 | BW10: 1.76 | BX10: 2 | BY10: 1.94 | BZ10: 3.2 | CA10: 3.25 | CB10: 2.3 | CC10: 3.2 | CD10: 3.2 | CE10: 2.3 | CF10: 3.2 | CG10: 3.15 | CH10: 2.25 | CI10: 3.2 | CJ10: 3.25 | CK10: 2.3 | CL10: 3.2 | CM10: 3.2 | CN10: 2.35 | CO10: 3.2 | CP10: 3.2 | CQ10: 2.3 | CR10: 3.2 | CS10: 3.1 | CT10: 2.3 | CU10: 3.34 | CV10: 3.22 | CW10: 2.4 | CX10: 3.25 | CY10: 3.25 | CZ10: 2.36 | DA10: 3.2 | DB10: 3.19 | DC10: 2.3 | DD10: 3.45 | DE10: 3.3 | DF10: 2.4 | DG10: 2.2 | DH10: 1.67 | DI10: 2.3 | DJ10: 1.68 | DK10: 2.25 | DL10: 1.73 | DM10: 2.16 | DN10: 1.66 | DO10: 2.32 | DP10: 1.73 | DQ10: 0.25 | DR10: 1.88 | DS10: 1.98 | DT10: 1.88 | DU10: 2.04 | DV10: 1.88 | DW10: 2 | DX10: 1.81 | DY10: 1.84 | DZ10: 1.94 | EA10: 2.04
A11: SP1 | B11: 2025-08-19 | C11: 20:00:00.0000000000031950 | D11: Real Madrid | E11: Osasuna | F11: 1 | G11: 0 | H11: H | I11: 0 | J11: 0 | K11: D | L11: 18 | M11: 2 | N11: 5 | O11: 0 | P11: 10 | Q11: 12 | R11: 7 | S11: 0 | T11: 1 | U11: 0 | V11: 0 | W11: 1 | X11: 1.22 | Y11: 6.25 | Z11: 13 | AA11: 1.2 | AB11: 6.5 | AC11: 15 | AD11: 1.17 | AE11: 7 | AF11: 13 | AG11: 1.2 | AH11: 6.5 | AI11: 13 | AJ11: 1.22 | AK11: 6.5 | AL11: 13 | AM11: 1.22 | AN11: 6.5 | AO11: 13 | AP11: 1.22 | AQ11: 6.5 | AR11: 13 | AS11: 1.23 | AT11: 6.99 | AU11: 12.34 | AV11: 1.23 | AW11: 7 | AX11: 15 | AY11: 1.2 | AZ11: 6.66 | BA11: 13.16 | BB11: 1.23 | BC11: 7.8 | BD11: 16.5 | BE11: 1.5 | BF11: 2.63 | BG11: 1.52 | BH11: 2.6 | BI11: 1.52 | BJ11: 2.63 | BK11: 1.49 | BL11: 2.56 | BM11: 1.56 | BN11: 2.72 | BO11: -2 | BP11: 2.03 | BQ11: 1.78 | BR11: 2.14 | BS11: 1.76 | BT11: 2.05 | BU11: 1.81 | BV11: 1.97 | BW11: 1.75 | BX11: 2.15 | BY11: 1.83 | BZ11: 1.22 | CA11: 7 | CB11: 11 | CC11: 1.22 | CD11: 6.5 | CE11: 13 | CF11: 1.18 | CG11: 6.5 | CH11: 13 | CI11: 1.2 | CJ11: 7 | CK11: 13 | CL11: 1.22 | CM11: 6.75 | CN11: 12 | CO11: 1.22 | CP11: 7 | CQ11: 11 | CR11: 1.22 | CS11: 6.5 | CT11: 12 | CU11: 1.22 | CV11: 7.32 | CW11: 12.82 | CX11: 1.24 | CY11: 7 | CZ11: 13 | DA11: 1.21 | DB11: 6.67 | DC11: 12.34 | DD11: 1.24 | DE11: 7.4 | DF11: 15 | DG11: 1.44 | DH11: 2.75 | DI11: 1.47 | DJ11: 2.73 | DK11: 1.46 | DL11: 2.8 | DM11: 1.44 | DN11: 2.68 | DO11: 1.48 | DP11: 3.05 | DQ11: -2 | DR11: 2.03 | DS11: 1.78 | DT11: 2.07 | DU11: 1.85 | DV11: 2.07 | DW11: 1.83 | DX11: 1.97 | DY11: 1.75 | DZ11: 2.14 | EA11: 1.86
A12: SP1 | B12: 2025-08-22 | C12: 20:29:59.9999999999968050 | D12: Betis | E12: Alaves | F12: 1 | G12: 0 | H12: H | I12: 1 | J12: 0 | K12: H | L12: 16 | M12: 11 | N12: 5 | O12: 5 | P12: 10 | Q12: 17 | R12: 5 | S12: 2 | T12: 2 | U12: 3 | V12: 0 | W12: 0 | X12: 1.91 | Y12: 3.4 | Z12: 4.2 | AA12: 1.9 | AB12: 3.3 | AC12: 4.5 | AD12: 1.82 | AE12: 3.35 | AF12: 4.4 | AG12: 1.9 | AH12: 3.4 | AI12: 4.33 | AJ12: 1.87 | AK12: 3.4 | AL12: 4.33 | AM12: 1.85 | AN12: 3.4 | AO12: 4.33 | AP12: 1.85 | AQ12: 3.4 | AR12: 4.33 | AS12: 1.92 | AT12: 3.45 | AU12: 4.6 | AV12: 1.91 | AW12: 3.5 | AX12: 4.5 | AY12: 1.88 | AZ12: 3.38 | BA12: 4.37 | BB12: 1.95 | BC12: 3.5 | BD12: 4.8 | BE12: 2.2 | BF12: 1.67 | BG12: 2.33 | BH12: 1.67 | BI12: 2.3 | BJ12: 1.67 | BK12: 2.23 | BL12: 1.62 | BM12: 2.36 | BN12: 1.71 | BO12: -0.5 | BP12: 1.9 | BQ12: 1.95 | BR12: 1.93 | BS12: 2 | BT12: 1.9 | BU12: 1.96 | BV12: 1.84 | BW12: 1.91 | BX12: 1.96 | BY12: 2.02 | BZ12: 1.83 | CA12: 3.4 | CB12: 4.5 | CC12: 1.83 | CD12: 3.4 | CE12: 4.6 | CF12: 1.84 | CG12: 3.35 | CH12: 4.3 | CI12: 1.83 | CJ12: 3.4 | CK12: 4.6 | CL12: 1.85 | CM12: 3.4 | CN12: 4.5 | CO12: 1.85 | CP12: 3.4 | CQ12: 4.5 | CR12: 1.85 | CS12: 3.4 | CT12: 4.4 | CU12: 1.97 | CV12: 3.38 | CW12: 4.43 | CX12: 1.86 | CY12: 3.5 | CZ12: 4.6 | DA12: 1.84 | DB12: 3.4 | DC12: 4.47 | DD12: 1.91 | DE12: 3.6 | DF12: 5 | DG12: 2.2 | DH12: 1.67 | DI12: 2.36 | DJ12: 1.65 | DK12: 2.25 | DL12: 1.67 | DM12: 2.21 | DN12: 1.63 | DO12: 2.36 | DP12: 1.72 | DQ12: -0.5 | DR12: 1.83 | DS12: 2.03 | DT12: 1.98 | DU12: 1.94 | DV12: 1.87 | DW12: 2.03 | DX12: 1.82 | DY12: 1.93 | DZ12: 1.91 | EA12: 2.09
A13: SP1 | B13: 2025-08-23 | C13: 15:59:59.9999999999968050 | D13: Mallorca | E13: Celta | F13: 1 | G13: 1 | H13: D | I13: 0 | J13: 1 | K13: A | L13: 12 | M13: 8 | N13: 4 | O13: 2 | P13: 12 | Q13: 12 | R13: 3 | S13: 4 | T13: 3 | U13: 3 | V13: 0 | W13: 0 | X13: 3 | Y13: 3.1 | Z13: 2.55 | AA13: 3 | AB13: 3.1 | AC13: 2.5 | AD13: 2.9 | AE13: 3.1 | AF13: 2.45 | AG13: 2.9 | AH13: 3.13 | AI13: 2.55 | AJ13: 2.95 | AK13: 3.1 | AL13: 2.5 | AM13: 2.9 | AN13: 3.1 | AO13: 2.5 | AP13: 2.9 | AQ13: 3.1 | AR13: 2.5 | AS13: 3.06 | AT13: 3.1 | AU13: 2.6 | AV13: 3 | AW13: 3.15 | AX13: 2.6 | AY13: 2.94 | AZ13: 3.09 | BA13: 2.52 | BB13: 3.1 | BC13: 3.2 | BD13: 2.7 | BE13: 2.38 | BF13: 1.57 | BG13: 2.49 | BH13: 1.58 | BI13: 2.43 | BJ13: 1.6 | BK13: 2.34 | BL13: 1.55 | BM13: 2.48 | BN13: 1.63 | BO13: 0 | BP13: 2.1 | BQ13: 1.78 | BR13: 2.13 | BS13: 1.8 | BT13: 2.1 | BU13: 1.78 | BV13: 2.02 | BW13: 1.73 | BX13: 2.13 | BY13: 1.85 | BZ13: 3.3 | CA13: 3.2 | CB13: 2.3 | CC13: 3.25 | CD13: 3.2 | CE13: 2.3 | CF13: 3 | CG13: 3.2 | CH13: 2.33 | CI13: 3.13 | CJ13: 3.25 | CK13: 2.38 | CL13: 3.1 | CM13: 3.2 | CN13: 2.4 | CO13: 3.1 | CP13: 3.2 | CQ13: 2.4 | CR13: 3 | CS13: 3.2 | CT13: 2.37 | CU13: 3.26 | CV13: 3.16 | CW13: 2.48 | CX13: 3.3 | CY13: 3.3 | CZ13: 2.5 | DA13: 3.13 | DB13: 3.21 | DC13: 2.35 | DD13: 3.3 | DE13: 3.4 | DF13: 2.44 | DG13: 2.1 | DH13: 1.73 | DI13: 2.41 | DJ13: 1.63 | DK13: 2.28 | DL13: 1.73 | DM13: 2.15 | DN13: 1.67 | DO13: 2.28 | DP13: 1.77 | DQ13: 0.25 | DR13: 1.88 | DS13: 1.98 | DT13: 1.83 | DU13: 2.11 | DV13: 1.88 | DW13: 2.05 | DX13: 1.82 | DY13: 1.88 | DZ13: 1.9 | EA13: 2.09
... A83: SP1 | B83: 2025-10-18 | C83: 12:59:59.9999999999968050 | D83: Sevilla | E83: Mallorca | F83: 1 | G83: 3 | H83: A | I83: 1 | J83: 0 | K83: H | L83: 13 | M83: 7 | N83: 4 | O83: 6 | P83: 16 | Q83: 13 | R83: 9 | S83: 2 | T83: 2 | U83: 1 | V83: 0 | W83: 0 | X83: 1.85 | Y83: 3.3 | Z83: 4.75 | AA83: 1.9 | AB83: 3.4 | AC83: 4.33 | AD83: 1.81 | AE83: 3.45 | AF83: 4.7 | AG83: 1.85 | AH83: 3.4 | AI83: 4.5 | AJ83: 1.88 | AK83: 3.4 | AL83: 4.33 | AM83: 1.91 | AN83: 3.4 | AO83: 4.33 | AP83: 1.85 | AQ83: 3.3 | AR83: 4.33 | AS83: 1.87 | AT83: 3.46 | AU83: 4.74 | AV83: 1.91 | AW83: 3.5 | AX83: 4.75 | AY83: 1.85 | AZ83: 3.39 | BA83: 4.46 | BB83: 1.91 | BC83: 3.5 | BD83: 5 | BE83: 2.2 | BF83: 1.67 | BG83: 2.25 | BH83: 1.7 | BI83: 2.2 | BJ83: 1.67 | BK83: 2.17 | BL83: 1.64 | BM83: 2.3 | BN83: 1.73 | BO83: -0.5 | BP83: 1.85 | BQ83: 2 | BR83: 1.88 | BS83: 2.04 | BT83: 1.86 | BU83: 2 | BV83: 1.82 | BW83: 1.94 | BX83: 1.91 | BY83: 2.08 | BZ83: 1.85 | CA83: 3.4 | CB83: 4.5 | CC83: 1.83 | CD83: 3.5 | CE83: 4.5 | CF83: 1.79 | CG83: 3.4 | CH83: 5 | CI83: 1.83 | CJ83: 3.3 | CK83: 4.8 | CL83: 1.85 | CM83: 3.4 | CN83: 4.4 | CO83: 1.85 | CP83: 3.4 | CQ83: 4.4 | CR83: 1.85 | CS83: 3.4 | CT83: 4.33 | CU83: 1.87 | CV83: 3.49 | CW83: 4.81 | CX83: 1.91 | CY83: 3.5 | CZ83: 5 | DA83: 1.83 | DB83: 3.38 | DC83: 4.63 | DD83: 1.9 | DE83: 3.6 | DF83: 5 | DG83: 2.2 | DH83: 1.67 | DI83: 2.25 | DJ83: 1.71 | DK83: 2.22 | DL83: 1.73 | DM83: 2.15 | DN83: 1.67 | DO83: 2.26 | DP83: 1.78 | DQ83: -0.5 | DR83: 1.85 | DS83: 2 | DT83: 1.88 | DU83: 2.05 | DV83: 1.85 | DW83: 2.05 | DX83: 1.79 | DY83: 1.98 | DZ83: 1.9 | EA83: 2.09
A84: SP1 | B84: 2025-10-18 | C84: 15:14:59.9999999999968050 | D84: Barcelona | E84: Girona | F84: 2 | G84: 1 | H84: H | I84: 1 | J84: 1 | K84: D | L84: 27 | M84: 11 | N84: 9 | O84: 4 | P84: 10 | Q84: 7 | R84: 11 | S84: 5 | T84: 1 | U84: 2 | V84: 0 | W84: 0 | X84: 1.2 | Y84: 7 | Z84: 12 | AA84: 1.18 | AB84: 7.5 | AC84: 13 | AD84: 1.2 | AE84: 7 | AF84: 12.5 | AG84: 1.18 | AH84: 7.5 | AI84: 13 | AJ84: 1.19 | AK84: 8 | AL84: 12 | AM84: 1.18 | AN84: 8 | AO84: 12 | AP84: 1.18 | AQ84: 8 | AR84: 12 | AS84: 1.16 | AT84: 8.82 | AU84: 14.91 | AV84: 1.22 | AW84: 8 | AX84: 13 | AY84: 1.19 | AZ84: 7.39 | BA84: 12.16 | BB84: 1.24 | BC84: 7.8 | BD84: 14 | BE84: 1.29 | BF84: 3.75 | BI84: 1.29 | BJ84: 4 | BK84: 1.24 | BL84: 3.77 | BM84: 1.3 | BN84: 4 | BO84: -2 | BP84: 1.88 | BQ84: 1.98 | BR84: 1.75 | BS84: 2.14 | BT84: 1.88 | BU84: 2.04 | BV84: 1.78 | BW84: 1.99 | BX84: 1.9 | BY84: 2 | BZ84: 1.2 | CA84: 7 | CB84: 13 | CC84: 1.2 | CD84: 7 | CE84: 13 | CF84: 1.22 | CG84: 6.75 | CH84: 12 | CI84: 1.18 | CJ84: 7.5 | CK84: 13 | CL84: 1.22 | CM84: 7 | CN84: 12 | CO84: 1.22 | CP84: 7 | CQ84: 12 | CR84: 1.22 | CS84: 7 | CT84: 11 | CU84: 1.21 | CV84: 7.51 | CW84: 12.72 | CX84: 1.22 | CY84: 7.5 | CZ84: 13 | DA84: 1.2 | DB84: 7.02 | DC84: 11.91 | DD84: 1.21 | DE84: 8.4 | DF84: 17 | DG84: 1.3 | DH84: 3.5 | DI84: 0 | DJ84: 0 | DK84: 1.33 | DL84: 3.6 | DM84: 1.3 | DN84: 3.37 | DO84: 1.34 | DP84: 3.9 | DQ84: -2 | DR84: 1.93 | DS84: 1.93 | DT84: 1.89 | DU84: 2.01 | DV84: 1.93 | DW84: 1.95 | DX84: 1.88 | DY84: 1.91 | DZ84: 1.98 | EA84: 1.97
A85: SP1 | B85: 2025-10-18 | C85: 17:29:59.9999999999968050 | D85: Villarreal | E85: Betis | F85: 2 | G85: 2 | H85: D | I85: 1 | J85: 0 | K85: H | L85: 7 | M85: 16 | N85: 3 | O85: 3 | P85: 13 | Q85: 10 | R85: 5 | S85: 6 | T85: 1 | U85: 1 | V85: 0 | W85: 0 | X85: 1.91 | Y85: 3.6 | Z85: 4 | AA85: 1.9 | AB85: 3.75 | AC85: 3.75 | AD85: 1.87 | AE85: 3.65 | AF85: 4.1 | AG85: 1.87 | AH85: 3.8 | AI85: 3.9 | AJ85: 1.9 | AK85: 3.75 | AL85: 3.8 | AM85: 1.91 | AN85: 3.75 | AO85: 3.8 | AP85: 1.91 | AQ85: 3.75 | AR85: 3.75 | AS85: 1.93 | AT85: 3.83 | AU85: 3.91 | AV85: 1.91 | AW85: 3.8 | AX85: 4.1 | AY85: 1.88 | AZ85: 3.73 | BA85: 3.87 | BB85: 1.93 | BC85: 3.95 | BD85: 4.3 | BE85: 1.67 | BF85: 2.2 | BG85: 1.68 | BH85: 2.28 | BI85: 1.67 | BJ85: 2.2 | BK85: 1.65 | BL85: 2.16 | BM85: 1.69 | BN85: 2.36 | BO85: -0.5 | BP85: 1.88 | BQ85: 1.98 | BR85: 1.94 | BS85: 1.96 | BT85: 1.88 | BU85: 1.98 | BV85: 1.84 | BW85: 1.93 | BX85: 1.93 | BY85: 2.06 | BZ85: 2.1 | CA85: 3.6 | CB85: 3.3 | CC85: 2.05 | CD85: 3.75 | CE85: 3.3 | CF85: 2.02 | CG85: 3.65 | CH85: 3.55 | CI85: 2.1 | CJ85: 3.7 | CK85: 3.25 | CL85: 2.05 | CM85: 3.6 | CN85: 3.4 | CO85: 2.05 | CP85: 3.6 | CQ85: 3.4 | CR85: 2.05 | CS85: 3.6 | CT85: 3.3 | CU85: 2.09 | CV85: 3.65 | CW85: 3.63 | CX85: 2.1 | CY85: 3.75 | CZ85: 3.55 | DA85: 2.06 | DB85: 3.62 | DC85: 3.35 | DD85: 2.18 | DE85: 3.65 | DF85: 3.65 | DG85: 1.53 | DH85: 2.5 | DI85: 1.58 | DJ85: 2.5 | DK85: 1.55 | DL85: 2.55 | DM85: 1.53 | DN85: 2.42 | DO85: 1.62 | DP85: 2.58 | DQ85: -0.25 | DR85: 1.85 | DS85: 2 | DT85: 1.81 | DU85: 2.11 | DV85: 1.85 | DW85: 2.07 | DX85: 1.78 | DY85: 2 | DZ85: 1.88 | EA85: 2.1
A86: SP1 | B86: 2025-10-18 | C86: 20:00:00.0000000000031950 | D86: Ath Madrid | E86: Osasuna | F86: 1 | G86: 0 | H86: H | I86: 0 | J86: 0 | K86: D | L86: 18 | M86: 9 | N86: 9 | O86: 2 | P86: 10 | Q86: 11 | R86: 4 | S86: 2 | T86: 1 | U86: 3 | V86: 0 | W86: 0 | X86: 1.38 | Y86: 4.75 | Z86: 8.5 | AA86: 1.36 | AB86: 4.6 | AC86: 9.5 | AD86: 1.37 | AE86: 4.6 | AF86: 9.5 | AG86: 1.36 | AH86: 4.75 | AI86: 9 | AJ86: 1.38 | AK86: 4.75 | AL86: 8.5 | AM86: 1.36 | AN86: 4.8 | AO86: 8.5 | AP86: 1.36 | AQ86: 4.8 | AR86: 8.5 | AS86: 1.37 | AT86: 5.13 | AU86: 8.83 | AV86: 1.4 | AW86: 4.8 | AX86: 9.5 | AY86: 1.37 | AZ86: 4.68 | BA86: 8.72 | BB86: 1.4 | BC86: 5.2 | BD86: 10 | BE86: 1.88 | BF86: 1.98 | BG86: 1.89 | BH86: 1.99 | BI86: 1.91 | BJ86: 1.98 | BK86: 1.84 | BL86: 1.9 | BM86: 1.93 | BN86: 2.02 | BO86: -1.25 | BP86: 1.88 | BQ86: 1.98 | BR86: 1.85 | BS86: 2.06 | BT86: 1.88 | BU86: 1.98 | BV86: 1.83 | BW86: 1.95 | BX86: 1.91 | BY86: 2.04 | BZ86: 1.33 | CA86: 5 | CB86: 9.5 | CC86: 1.33 | CD86: 5 | CE86: 9 | CF86: 1.32 | CG86: 5 | CH86: 10 | CI86: 1.33 | CJ86: 5 | CK86: 9.5 | CL86: 1.36 | CM86: 5 | CN86: 8.5 | CO86: 1.36 | CP86: 5 | CQ86: 8.5 | CR86: 1.36 | CS86: 4.8 | CT86: 8 | CU86: 1.35 | CV86: 5.17 | CW86: 10.24 | CX86: 1.36 | CY86: 5.25 | CZ86: 10 | DA86: 1.33 | DB86: 4.98 | DC86: 9.3 | DD86: 1.36 | DE86: 5.5 | DF86: 11.5 | DG86: 1.73 | DH86: 2.1 | DI86: 1.77 | DJ86: 2.14 | DK86: 1.77 | DL86: 2.1 | DM86: 1.72 | DN86: 2.07 | DO86: 1.83 | DP86: 2.2 | DQ86: -1.5 | DR86: 2 | DS86: 1.85 | DT86: 2.12 | DU86: 1.8 | DV86: 2 | DW86: 1.86 | DX86: 1.96 | DY86: 1.81 | DZ86: 2.11 | EA86: 1.86
A87: SP1 | B87: 2025-10-19 | C87: 12:59:59.9999999999968050 | D87: Elche | E87: Ath Bilbao | F87: 0 | G87: 0 | H87: D | I87: 0 | J87: 0 | K87: D | L87: 15 | M87: 4 | N87: 5 | O87: 1 | P87: 14 | Q87: 20 | R87: 6 | S87: 2 | T87: 2 | U87: 3 | V87: 0 | W87: 0 | X87: 3.75 | Y87: 3.25 | Z87: 2.1 | AA87: 3.6 | AB87: 3.2 | AC87: 2.15 | AD87: 3.45 | AE87: 3.2 | AF87: 2.23 | AG87: 3.5 | AH87: 3.1 | AI87: 2.05 | AJ87: 3.6 | AK87: 3.25 | AL87: 2.15 | AM87: 3.6 | AN87: 3.25 | AO87: 2.15 | AP87: 3.5 | AQ87: 3.2 | AR87: 2.15 | AS87: 3.78 | AT87: 3.36 | AU87: 2.12 | AV87: 3.8 | AW87: 3.3 | AX87: 2.23 | AY87: 3.58 | AZ87: 3.2 | BA87: 2.12 | BB87: 3.9 | BC87: 3.35 | BD87: 2.22 | BE87: 2.3 | BF87: 1.62 | BG87: 2.34 | BH87: 1.65 | BI87: 2.4 | BJ87: 1.62 | BK87: 2.29 | BL87: 1.58 | BM87: 2.46 | BN87: 1.65 | BO87: 0.25 | BP87: 2.05 | BQ87: 1.8 | BR87: 2.1 | BS87: 1.83 | BT87: 2.05 | BU87: 1.88 | BV87: 1.96 | BW87: 1.75 | BX87: 2.09 | BY87: 1.88 | BZ87: 4 | CA87: 3.3 | CB87: 2 | CC87: 3.75 | CD87: 3.3 | CE87: 2.05 | CF87: 4 | CG87: 3.3 | CH87: 2 | CI87: 3.9 | CJ87: 3.4 | CK87: 2 | CL87: 3.9 | CM87: 3.25 | CN87: 2 | CO87: 3.9 | CP87: 3.3 | CQ87: 2 | CR87: 3.9 | CS87: 3.3 | CT87: 2 | CU87: 3.98 | CV87: 3.35 | CW87: 2.06 | CX87: 4.2 | CY87: 3.4 | CZ87: 2.05 | DA87: 3.97 | DB87: 3.29 | DC87: 1.99 | DD87: 4.4 | DE87: 3.45 | DF87: 2.04 | DG87: 2.2 | DH87: 1.67 | DI87: 2.16 | DJ87: 1.74 | DK87: 2.22 | DL87: 1.73 | DM87: 2.16 | DN87: 1.66 | DO87: 2.36 | DP87: 1.71 | DQ87: 0.5 | DR87: 1.85 | DS87: 2 | DT87: 1.85 | DU87: 2.07 | DV87: 1.85 | DW87: 2 | DX87: 1.82 | DY87: 1.95 | DZ87: 1.94 | EA87: 2.05
A88: SP1 | B88: 2025-10-19 | C88: 15:14:59.9999999999968050 | D88: Celta | E88: Sociedad | F88: 1 | G88: 1 | H88: D | I88: 1 | J88: 0 | K88: H | L88: 4 | M88: 17 | N88: 1 | O88: 7 | P88: 10 | Q88: 20 | R88: 1 | S88: 10 | T88: 4 | U88: 3 | V88: 1 | W88: 0 | X88: 2.1 | Y88: 3.4 | Z88: 3.5 | AA88: 2.15 | AB88: 3.4 | AC88: 3.4 | AD88: 2.16 | AE88: 3.3 | AF88: 3.45 | AG88: 2.05 | AH88: 3.3 | AI88: 3.3 | AJ88: 2.15 | AK88: 3.4 | AL88: 3.4 | AM88: 2.15 | AN88: 3.4 | AO88: 3.4 | AP88: 2.1 | AQ88: 3.3 | AR88: 3.4 | AS88: 2.11 | AT88: 3.42 | AU88: 3.74 | AV88: 2.16 | AW88: 3.4 | AX88: 3.75 | AY88: 2.1 | AZ88: 3.33 | BA88: 3.46 | BB88: 2.16 | BC88: 3.45 | BD88: 3.9 | BE88: 1.98 | BF88: 1.88 | BG88: 1.96 | BH88: 1.93 | BI88: 1.98 | BJ88: 1.91 | BK88: 1.92 | BL88: 1.83 | BM88: 2 | BN88: 1.94 | BO88: -0.25 | BP88: 1.8 | BQ88: 2.05 | BR88: 1.82 | BS88: 2.11 | BT88: 1.85 | BU88: 2.05 | BV88: 1.8 | BW88: 1.97 | BX88: 1.86 | BY88: 2.12 | BZ88: 1.95 | CA88: 3.5 | CB88: 3.9 | CC88: 2 | CD88: 3.4 | CE88: 3.75 | CF88: 2 | CG88: 3.4 | CH88: 3.85 | CI88: 1.95 | CJ88: 3.5 | CK88: 3.9 | CL88: 2 | CM88: 3.4 | CN88: 3.8 | CO88: 2 | CP88: 3.4 | CQ88: 3.75 | CR88: 2 | CS88: 3.3 | CT88: 3.7 | CU88: 2.18 | CV88: 3.5 | CW88: 3.53 | CX88: 2 | CY88: 3.5 | CZ88: 4 | DA88: 1.98 | DB88: 3.41 | DC88: 3.82 | DD88: 2.08 | DE88: 3.6 | DF88: 4 | DG88: 2.1 | DH88: 1.73 | DI88: 1.9 | DJ88: 2.01 | DK88: 2.1 | DL88: 1.87 | DM88: 1.96 | DN88: 1.81 | DO88: 2.08 | DP88: 1.9 | DQ88: -0.5 | DR88: 1.98 | DS88: 1.88 | DT88: 2.18 | DU88: 1.77 | DV88: 1.98 | DW88: 1.88 | DX88: 1.94 | DY88: 1.83 | DZ88: 2.08 | EA88: 1.9
A89: SP1 | B89: 2025-10-19 | C89: 17:29:59.9999999999968050 | D89: Levante | E89: Vallecano | F89: 0 | G89: 3 | H89: A | I89: 0 | J89: 2 | K89: A | L89: 17 | M89: 10 | N89: 4 | O89: 5 | P89: 6 | Q89: 18 | R89: 11 | S89: 4 | T89: 0 | U89: 1 | V89: 0 | W89: 0 | X89: 2.88 | Y89: 3.25 | Z89: 2.5 | AA89: 2.75 | AB89: 3.3 | AC89: 2.6 | AD89: 2.8 | AE89: 3.35 | AF89: 2.5 | AG89: 2.7 | AH89: 3.25 | AI89: 2.45 | AJ89: 2.7 | AK89: 3.4 | AL89: 2.55 | AM89: 2.7 | AN89: 3.4 | AO89: 2.5 | AP89: 2.7 | AQ89: 3.4 | AR89: 2.5 | AS89: 2.84 | AT89: 3.54 | AU89: 2.51 | AV89: 2.88 | AW89: 3.4 | AX89: 2.6 | AY89: 2.75 | AZ89: 3.33 | BA89: 2.5 | BB89: 2.94 | BC89: 3.5 | BD89: 2.6 | BE89: 1.98 | BF89: 1.88 | BG89: 2.01 | BH89: 1.88 | BI89: 1.98 | BJ89: 1.91 | BK89: 1.91 | BL89: 1.83 | BM89: 2 | BN89: 1.97 | BO89: 0 | BP89: 2.03 | BQ89: 1.83 | BR89: 2.08 | BS89: 1.84 | BT89: 2.03 | BU89: 1.83 | BV89: 1.97 | BW89: 1.79 | BX89: 2.1 | BY89: 1.86 | BZ89: 2.7 | CA89: 3.2 | CB89: 2.7 | CC89: 2.63 | CD89: 3.25 | CE89: 2.75 | CF89: 2.6 | CG89: 3.35 | CH89: 2.7 | CI89: 2.63 | CJ89: 3.3 | CK89: 2.7 | CL89: 2.65 | CM89: 3.25 | CN89: 2.65 | CO89: 2.62 | CP89: 3.25 | CQ89: 2.62 | CR89: 2.62 | CS89: 3.25 | CT89: 2.62 | CU89: 2.86 | CV89: 3.37 | CW89: 2.62 | CX89: 2.71 | CY89: 3.35 | CZ89: 2.8 | DA89: 2.63 | DB89: 3.25 | DC89: 2.69 | DD89: 2.78 | DE89: 3.4 | DF89: 2.86 | DG89: 2 | DH89: 1.8 | DI89: 1.98 | DJ89: 1.93 | DK89: 2.05 | DL89: 1.84 | DM89: 1.96 | DN89: 1.8 | DO89: 2.08 | DP89: 1.89 | DQ89: 0 | DR89: 1.93 | DS89: 1.93 | DT89: 2.05 | DU89: 1.88 | DV89: 1.93 | DW89: 1.95 | DX89: 1.86 | DY89: 1.9 | DZ89: 1.96 | EA89: 2.03
A90: SP1 | B90: 2025-10-19 | C90: 20:00:00.0000000000031950 | D90: Getafe | E90: Real Madrid | F90: 0 | G90: 1 | H90: A | I90: 0 | J90: 0 | K90: D | L90: 7 | M90: 23 | N90: 1 | O90: 10 | P90: 27 | Q90: 11 | R90: 1 | S90: 4 | T90: 4 | U90: 1 | V90: 2 | W90: 0 | X90: 8 | Y90: 4.33 | Z90: 1.42 | AA90: 8.5 | AB90: 4.33 | AC90: 1.4 | AD90: 8.5 | AE90: 4.5 | AF90: 1.41 | AG90: 7.5 | AH90: 4.1 | AI90: 1.4 | AJ90: 7.75 | AK90: 4.5 | AL90: 1.43 | AM90: 7.5 | AN90: 4.5 | AO90: 1.44 | AP90: 7.5 | AQ90: 4.4 | AR90: 1.44 | AS90: 7.03 | AT90: 4.65 | AU90: 1.47 | AV90: 8.5 | AW90: 4.5 | AX90: 1.46 | AY90: 7.63 | AZ90: 4.38 | BA90: 1.42 | BB90: 8.4 | BC90: 4.8 | BD90: 1.46 | BE90: 1.95 | BF90: 1.9 | BG90: 1.97 | BH90: 1.92 | BI90: 1.95 | BJ90: 1.91 | BK90: 1.9 | BL90: 1.84 | BM90: 1.98 | BN90: 1.97 | BO90: 1.25 | BP90: 1.83 | BQ90: 2.03 | BR90: 1.82 | BS90: 2.11 | BT90: 1.86 | BU90: 2.03 | BV90: 1.8 | BW90: 1.96 | BX90: 1.86 | BY90: 2.08 | BZ90: 7 | CA90: 4.5 | CB90: 1.45 | CC90: 7.5 | CD90: 4.2 | CE90: 1.44 | CF90: 7.5 | CG90: 4.6 | CH90: 1.42 | CI90: 7.5 | CJ90: 4.33 | CK90: 1.44 | CL90: 7 | CM90: 4.5 | CN90: 1.46 | CO90: 7 | CP90: 4.5 | CQ90: 1.44 | CR90: 7 | CS90: 4.4 | CT90: 1.44 | CU90: 7.35 | CV90: 4.57 | CW90: 1.46 | CX90: 7.5 | CY90: 4.6 | CZ90: 1.48 | DA90: 7.14 | DB90: 4.42 | DC90: 1.44 | DD90: 9 | DE90: 4.6 | DF90: 1.48 | DG90: 1.98 | DH90: 1.88 | DI90: 1.94 | DJ90: 1.96 | DK90: 1.98 | DL90: 1.91 | DM90: 1.89 | DN90: 1.87 | DO90: 2.04 | DP90: 1.95 | DQ90: 1.25 | DR90: 1.78 | DS90: 2.1 | DT90: 1.82 | DU90: 2.13 | DV90: 1.85 | DW90: 2.1 | DX90: 1.79 | DY90: 2 | DZ90: 1.83 | EA90: 2.19
A91: SP1 | B91: 2025-10-20 | C91: 20:00:00.0000000000031950 | D91: Alaves | E91: Valencia | F91: 0 | G91: 0 | H91: D | I91: 0 | J91: 0 | K91: D | L91: 13 | M91: 5 | N91: 3 | O91: 2 | P91: 13 | Q91: 20 | R91: 7 | S91: 0 | T91: 1 | U91: 2 | V91: 0 | W91: 0 | X91: 2.25 | Y91: 3 | Z91: 3.6 | AA91: 2.3 | AB91: 3.1 | AC91: 3.4 | AD91: 2.3 | AE91: 3.1 | AF91: 3.4 | AG91: 2.2 | AH91: 3 | AI91: 3.3 | AJ91: 2.25 | AK91: 3.1 | AL91: 3.4 | AM91: 2.25 | AN91: 3.1 | AO91: 3.4 | AP91: 2.25 | AQ91: 3.1 | AR91: 3.3 | AS91: 2.28 | AT91: 3.16 | AU91: 3.58 | AV91: 2.3 | AW91: 3.14 | AX91: 3.6 | AY91: 2.25 | AZ91: 3.06 | BA91: 3.4 | BB91: 2.34 | BC91: 3.15 | BD91: 3.7 | BE91: 2.5 | BF91: 1.53 | BG91: 2.5 | BH91: 1.55 | BI91: 2.5 | BJ91: 1.57 | BK91: 2.39 | BL91: 1.54 | BM91: 2.56 | BN91: 1.58 | BO91: -0.25 | BP91: 1.93 | BQ91: 1.93 | BR91: 1.94 | BS91: 1.96 | BT91: 1.94 | BU91: 1.93 | BV91: 1.9 | BW91: 1.87 | BX91: 1.97 | BY91: 2 | BZ91: 2.15 | CA91: 3.1 | CB91: 3.7 | CC91: 2.2 | CD91: 3.2 | CE91: 3.5 | CF91: 2.18 | CG91: 3.1 | CH91: 3.65 | CI91: 2.15 | CJ91: 3.1 | CK91: 3.75 | CL91: 2.2 | CM91: 3.1 | CN91: 3.5 | CO91: 2.2 | CP91: 3.1 | CQ91: 3.5 | CR91: 2.2 | CS91: 3.1 | CT91: 3.5 | CU91: 2.23 | CV91: 3.23 | CW91: 3.7 | CX91: 2.2 | CY91: 3.2 | CZ91: 3.75 | DA91: 2.18 | DB91: 3.11 | DC91: 3.59 | DD91: 2.26 | DE91: 3.25 | DF91: 3.9 | DG91: 2.3 | DH91: 1.62 | DI91: 2.4 | DJ91: 1.62 | DK91: 2.35 | DL91: 1.65 | DM91: 2.28 | DN91: 1.6 | DO91: 2.42 | DP91: 1.69 | DQ91: -0.25 | DR91: 1.83 | DS91: 2.03 | DT91: 1.9 | DU91: 2.02 | DV91: 1.85 | DW91: 2.03 | DX91: 1.82 | DY91: 1.96 | DZ91: 1.93 | EA91: 2.07
A92: SP1 | B92: 2025-10-24 | C92: 20:00:00.0000000000031950 | D92: Sociedad | E92: Sevilla | F92: 2 | G92: 1 | H92: H | I92: 2 | J92: 1 | K92: H | L92: 5 | M92: 6 | N92: 3 | O92: 1 | P92: 19 | Q92: 14 | R92: 1 | S92: 9 | T92: 1 | U92: 3 | V92: 0 | W92: 0 | X92: 1.95 | Y92: 3.5 | Z92: 3.8 | AA92: 2 | AB92: 3.4 | AC92: 3.75 | AD92: 2.02 | AE92: 3.4 | AF92: 3.95 | AG92: 2 | AH92: 3.5 | AI92: 3.7 | AJ92: 2 | AK92: 3.4 | AL92: 3.75 | AM92: 2 | AN92: 3.4 | AO92: 3.8 | AP92: 2 | AQ92: 3.4 | AR92: 3.75 | AS92: 2.03 | AT92: 3.5 | AU92: 4 | AV92: 2.02 | AW92: 3.5 | AX92: 3.95 | AY92: 1.99 | AZ92: 3.42 | BA92: 3.81 | BB92: 2.06 | BC92: 3.6 | BD92: 4.1 | BE92: 1.98 | BF92: 1.88 | BG92: 2.03 | BH92: 1.88 | BI92: 2 | BJ92: 1.9 | BK92: 1.93 | BL92: 1.83 | BM92: 2.06 | BN92: 1.9 | BO92: -0.5 | BP92: 2 | BQ92: 1.85 | BR92: 2.04 | BS92: 1.88 | BT92: 2 | BU92: 1.86 | BV92: 1.95 | BW92: 1.81 | BX92: 2.06 | BY92: 1.91 | BZ92: 1.91 | CA92: 3.5 | CB92: 3.9 | CC92: 2 | CD92: 3.5 | CE92: 3.75 | CF92: 1.92 | CG92: 3.65 | CH92: 3.9 | CI92: 1.95 | CJ92: 3.5 | CK92: 3.9 | CL92: 2 | CM92: 3.4 | CN92: 3.75 | CO92: 2 | CP92: 3.4 | CQ92: 3.8 | CR92: 2 | CS92: 3.4 | CT92: 3.75 | CU92: 1.98 | CV92: 3.62 | CW92: 4.05 | CX92: 2 | CY92: 3.65 | CZ92: 4.2 | DA92: 1.94 | DB92: 3.5 | DC92: 3.88 | DD92: 2.04 | DE92: 3.65 | DF92: 4.2 | DG92: 2 | DH92: 1.85 | DI92: 1.99 | DJ92: 1.92 | DK92: 2 | DL92: 1.91 | DM92: 1.92 | DN92: 1.85 | DO92: 2.02 | DP92: 1.95 | DQ92: -0.5 | DR92: 1.95 | DS92: 1.9 | DT92: 1.99 | DU92: 1.93 | DV92: 1.95 | DW92: 1.93 | DX92: 1.9 | DY92: 1.86 | DZ92: 2.03 | EA92: 1.96
A93: SP1 | B93: 2025-10-25 | C93: 12:59:59.9999999999968050 | D93: Girona | E93: Oviedo | F93: 3 | G93: 3 | H93: D | I93: 0 | J93: 1 | K93: A | L93: 8 | M93: 10 | N93: 6 | O93: 5 | P93: 13 | Q93: 16 | R93: 11 | S93: 4 | T93: 4 | U93: 3 | V93: 0 | W93: 0 | X93: 1.8 | Y93: 3.5 | Z93: 4.75 | AA93: 1.8 | AB93: 3.5 | AC93: 4.6 | AD93: 1.76 | AE93: 3.6 | AF93: 4.8 | AG93: 1.8 | AH93: 3.6 | AI93: 4.6 | AJ93: 1.85 | AK93: 3.5 | AL93: 4.33 | AM93: 1.85 | AN93: 3.5 | AO93: 4.33 | AP93: 1.83 | AQ93: 3.5 | AR93: 4.2 | AS93: 1.81 | AT93: 3.57 | AU93: 4.87 | AV93: 1.85 | AW93: 3.6 | AX93: 4.8 | AY93: 1.8 | AZ93: 3.52 | BA93: 4.6 | BB93: 1.86 | BC93: 3.7 | BD93: 5.2 | BE93: 2 | BF93: 1.8 | BG93: 2.08 | BH93: 1.81 | BI93: 2.1 | BJ93: 1.83 | BK93: 1.99 | BL93: 1.77 | BM93: 2.1 | BN93: 1.86 | BO93: -0.75 | BP93: 2.03 | BQ93: 1.78 | BR93: 2.08 | BS93: 1.84 | BT93: 2.03 | BU93: 1.83 | BV93: 1.98 | BW93: 1.79 | BX93: 2.11 | BY93: 1.87 | BZ93: 1.73 | CA93: 3.6 | CB93: 5.25 | CC93: 1.73 | CD93: 3.6 | CE93: 5 | CF93: 1.74 | CG93: 3.45 | CH93: 5.4 | CI93: 1.73 | CJ93: 3.7 | CK93: 4.8 | CL93: 1.78 | CM93: 3.5 | CN93: 4.75 | CO93: 1.8 | CP93: 3.5 | CQ93: 4.8 | CR93: 1.75 | CS93: 3.5 | CT93: 4.6 | CU93: 1.76 | CV93: 3.74 | CW93: 5.08 | CX93: 1.8 | CY93: 3.75 | CZ93: 5.4 | DA93: 1.74 | DB93: 3.56 | DC93: 4.95 | DD93: 1.8 | DE93: 3.75 | DF93: 5.6 | DG93: 2 | DH93: 1.85 | DI93: 2.03 | DJ93: 1.88 | DK93: 2.07 | DL93: 1.85 | DM93: 2.01 | DN93: 1.77 | DO93: 2.06 | DP93: 1.92 | DQ93: -0.75 | DR93: 1.98 | DS93: 1.88 | DT93: 2 | DU93: 1.93 | DV93: 1.98 | DW93: 1.88 | DX93: 1.93 | DY93: 1.84 | DZ93: 2.04 | EA93: 1.94
A94: SP1 | B94: 2025-10-25 | C94: 15:14:59.9999999999968050 | D94: Espanol | E94: Elche | F94: 1 | G94: 0 | H94: H | I94: 0 | J94: 0 | K94: D | L94: 16 | M94: 13 | N94: 7 | O94: 4 | P94: 14 | Q94: 15 | R94: 4 | S94: 2 | T94: 4 | U94: 2 | V94: 0 | W94: 0 | X94: 1.95 | Y94: 3.25 | Z94: 4.1 | AA94: 2 | AB94: 3.3 | AC94: 4 | AD94: 1.97 | AE94: 3.3 | AF94: 4.1 | AG94: 2 | AH94: 3.4 | AI94: 3.9 | AJ94: 2 | AK94: 3.3 | AL94: 3.75 | AM94: 2.05 | AN94: 3.4 | AO94: 3.75 | AP94: 2 | AQ94: 3.3 | AR94: 3.75 | AS94: 2 | AT94: 3.47 | AU94: 4.06 | AV94: 2.05 | AW94: 3.5 | AX94: 4.2 | AY94: 1.97 | AZ94: 3.34 | BA94: 3.91 | BB94: 2.08 | BC94: 3.45 | BD94: 4.2 | BE94: 2.1 | BF94: 1.73 | BG94: 2.13 | BH94: 1.77 | BI94: 2.1 | BJ94: 1.75 | BK94: 2.07 | BL94: 1.71 | BM94: 2.18 | BN94: 1.8 | BO94: -0.5 | BP94: 1.98 | BQ94: 1.88 | BR94: 2.01 | BS94: 1.9 | BT94: 1.98 | BU94: 1.88 | BV94: 1.94 | BW94: 1.81 | BX94: 2.08 | BY94: 1.9 | BZ94: 2 | CA94: 3.3 | CB94: 4 | CC94: 2 | CD94: 3.4 | CE94: 3.75 | CF94: 1.92 | CG94: 3.4 | CH94: 4.2 | CI94: 2 | CJ94: 3.4 | CK94: 3.9 | CL94: 1.98 | CM94: 3.3 | CN94: 3.9 | CO94: 2 | CP94: 3.3 | CQ94: 3.9 | CR94: 2 | CS94: 3.3 | CT94: 3.9 | CU94: 2.03 | CV94: 3.29 | CW94: 4.31 | CX94: 2 | CY94: 3.4 | CZ94: 4.33 | DA94: 1.97 | DB94: 3.33 | DC94: 3.99 | DD94: 2.06 | DE94: 3.35 | DF94: 4.6 | DG94: 2.1 | DH94: 1.73 | DI94: 2.2 | DJ94: 1.74 | DK94: 2.15 | DL94: 1.73 | DM94: 2.08 | DN94: 1.71 | DO94: 2.2 | DP94: 1.8 | DQ94: -0.5 | DR94: 2 | DS94: 1.85 | DT94: 2.04 | DU94: 1.89 | DV94: 2 | DW94: 1.88 | DX94: 1.92 | DY94: 1.84 | DZ94: 2.06 | EA94: 1.93
A95: SP1 | B95: 2025-10-25 | C95: 17:29:59.9999999999968050 | D95: Ath Bilbao | E95: Getafe | F95: 0 | G95: 1 | H95: A | I95: 0 | J95: 0 | K95: D | L95: 7 | M95: 8 | N95: 4 | O95: 3 | P95: 15 | Q95: 14 | R95: 1 | S95: 5 | T95: 1 | U95: 3 | V95: 0 | W95: 0 | X95: 1.67 | Y95: 3.5 | Z95: 6 | AA95: 1.67 | AB95: 3.4 | AC95: 6.5 | AD95: 1.62 | AE95: 3.65 | AF95: 6.25 | AG95: 1.65 | AH95: 3.4 | AI95: 6.5 | AJ95: 1.65 | AK95: 3.5 | AL95: 6 | AM95: 1.65 | AN95: 3.5 | AO95: 6 | AP95: 1.65 | AQ95: 3.5 | AR95: 5.75 | AS95: 1.68 | AT95: 3.66 | AU95: 5.91 | AV95: 1.69 | AW95: 3.65 | AX95: 6.5 | AY95: 1.65 | AZ95: 3.49 | BA95: 6.08 | BB95: 1.69 | BC95: 3.65 | BD95: 6.8 | BE95: 2.75 | BF95: 1.44 | BG95: 2.72 | BH95: 1.48 | BI95: 2.75 | BJ95: 1.5 | BK95: 2.62 | BL95: 1.45 | BM95: 2.76 | BN95: 1.52 | BO95: -0.75 | BP95: 1.88 | BQ95: 1.98 | BR95: 1.91 | BS95: 2 | BT95: 1.9 | BU95: 1.98 | BV95: 1.83 | BW95: 1.94 | BX95: 1.91 | BY95: 2.04 | BZ95: 1.65 | CA95: 3.5 | CB95: 6 | CC95: 1.67 | CD95: 3.4 | CE95: 6.5 | CF95: 1.58 | CG95: 3.6 | CH95: 7 | CI95: 1.62 | CJ95: 3.5 | CK95: 6.5 | CL95: 1.63 | CM95: 3.5 | CN95: 6.25 | CO95: 1.65 | CP95: 3.5 | CQ95: 6.5 | CR95: 1.61 | CS95: 3.5 | CT95: 6 | CU95: 1.65 | CV95: 3.6 | CW95: 6.65 | CX95: 1.67 | CY95: 3.6 | CZ95: 7.3 | DA95: 1.61 | DB95: 3.5 | DC95: 6.53 | DD95: 1.69 | DE95: 3.65 | DF95: 7.2 | DG95: 2.75 | DH95: 1.44 | DI95: 2.74 | DJ95: 1.49 | DK95: 2.75 | DL95: 1.5 | DM95: 2.66 | DN95: 1.45 | DO95: 2.82 | DP95: 1.53 | DQ95: -0.75 | DR95: 1.85 | DS95: 2 | DT95: 1.88 | DU95: 2.05 | DV95: 1.85 | DW95: 2.08 | DX95: 1.78 | DY95: 2.02 | DZ95: 1.9 | EA95: 2.06
A96: SP1 | B96: 2025-10-25 | C96: 20:00:00.0000000000031950 | D96: Valencia | E96: Villarreal | F96: 0 | G96: 2 | H96: A | I96: 0 | J96: 1 | K96: A | L96: 15 | M96: 12 | N96: 3 | O96: 5 | P96: 13 | Q96: 14 | R96: 7 | S96: 5 | T96: 2 | U96: 4 | V96: 0 | W96: 0 | X96: 3.1 | Y96: 3.6 | Z96: 2.2 | AA96: 3.3 | AB96: 3.4 | AC96: 2.2 | AD96: 3.25 | AE96: 3.4 | AF96: 2.2 | AG96: 3.13 | AH96: 3.5 | AI96: 2.2 | AJ96: 3.1 | AK96: 3.5 | AL96: 2.2 | AM96: 3.1 | AN96: 3.5 | AO96: 2.2 | AP96: 3.1 | AQ96: 3.5 | AR96: 2.2 | AS96: 3.29 | AT96: 3.62 | AU96: 2.2 | AV96: 3.35 | AW96: 3.6 | AX96: 2.2 | AY96: 3.19 | AZ96: 3.47 | BA96: 2.18 | BB96: 3.45 | BC96: 3.65 | BD96: 2.28 | BE96: 1.8 | BF96: 2 | BG96: 1.81 | BH96: 2.09 | BI96: 1.87 | BJ96: 2 | BK96: 1.8 | BL96: 1.94 | BM96: 1.85 | BN96: 2.1 | BO96: 0.25 | BP96: 1.93 | BQ96: 1.93 | BR96: 1.99 | BS96: 1.92 | BT96: 1.95 | BU96: 1.93 | BV96: 1.9 | BW96: 1.82 | BX96: 2.02 | BY96: 1.96 | BZ96: 3.6 | CA96: 3.6 | CB96: 2.05 | CC96: 3.75 | CD96: 3.5 | CE96: 2 | CF96: 3.6 | CG96: 3.55 | CH96: 2.02 | CI96: 3.5 | CJ96: 3.6 | CK96: 2.05 | CL96: 3.5 | CM96: 3.5 | CN96: 2.05 | CO96: 3.5 | CP96: 3.5 | CQ96: 2.05 | CR96: 3.5 | CS96: 3.5 | CT96: 2.05 | CU96: 3.83 | CV96: 3.46 | CW96: 2.09 | CX96: 3.8 | CY96: 3.6 | CZ96: 2.05 | DA96: 3.61 | DB96: 3.49 | DC96: 2.02 | DD96: 3.9 | DE96: 3.55 | DF96: 2.14 | DG96: 1.85 | DH96: 2 | DI96: 1.93 | DJ96: 1.98 | DK96: 1.88 | DL96: 2 | DM96: 1.8 | DN96: 1.96 | DO96: 1.95 | DP96: 2.02 | DQ96: 0.5 | DR96: 1.8 | DS96: 2.05 | DT96: 1.84 | DU96: 2.1 | DV96: 1.85 | DW96: 2.05 | DX96: 1.79 | DY96: 1.98 | DZ96: 1.86 | EA96: 2.14
... A161: SP1 | B161: 2025-12-14 | C161: 20:00:00.0000000000031950 | D161: Alaves | E161: Real Madrid | F161: 1 | G161: 2 | H161: A | I161: 0 | J161: 1 | K161: A | L161: 6 | M161: 13 | N161: 2 | O161: 6 | P161: 12 | Q161: 13 | R161: 5 | S161: 7 | T161: 3 | U161: 1 | V161: 0 | W161: 0 | X161: 5.5 | Y161: 4 | Z161: 1.6 | AA161: 5.5 | AB161: 4 | AC161: 1.6 | AD161: 5.6 | AE161: 4.2 | AF161: 1.58 | AG161: 5 | AH161: 3.9 | AI161: 1.57 | AJ161: 5.25 | AK161: 4 | AL161: 1.62 | AM161: 5.25 | AN161: 4 | AO161: 1.61 | AP161: 5.25 | AQ161: 4 | AR161: 1.61 | AS161: 6 | AT161: 3.88 | AU161: 1.63 | AV161: 5.75 | AW161: 4.2 | AX161: 1.64 | AY161: 5.4 | AZ161: 3.94 | BA161: 1.6 | BB161: 6 | BC161: 4.1 | BD161: 1.65 | BE161: 1.73 | BF161: 2.1 | BG161: 1.79 | BH161: 2.1 | BI161: 1.76 | BJ161: 2.1 | BK161: 1.71 | BL161: 2.05 | BM161: 1.84 | BN161: 2.16 | BO161: 1 | BP161: 1.8 | BQ161: 2.05 | BR161: 1.82 | BS161: 2.11 | BT161: 1.81 | BU161: 2.05 | BV161: 1.78 | BW161: 1.99 | BX161: 1.86 | BY161: 2.1 | BZ161: 5.75 | CA161: 4 | CB161: 1.57 | CC161: 6 | CD161: 4 | CE161: 1.53 | CF161: 6.1 | CG161: 4.1 | CH161: 1.54 | CI161: 5.75 | CJ161: 4.2 | CK161: 1.55 | CL161: 5.5 | CM161: 4 | CN161: 1.6 | CO161: 5.5 | CP161: 4 | CQ161: 1.6 | CR161: 5.5 | CS161: 3.9 | CT161: 1.6 | CU161: 5.73 | CV161: 4.12 | CW161: 1.61 | CX161: 6.1 | CY161: 4.2 | CZ161: 1.62 | DA161: 5.73 | DB161: 4.05 | DC161: 1.56 | DD161: 6.4 | DE161: 4.3 | DF161: 1.62 | DG161: 1.73 | DH161: 2.1 | DI161: 1.79 | DJ161: 2.1 | DK161: 1.8 | DL161: 2.1 | DM161: 1.75 | DN161: 2.02 | DO161: 1.88 | DP161: 2.12 | DQ161: 1 | DR161: 1.88 | DS161: 1.98 | DT161: 1.85 | DU161: 2.08 | DV161: 1.91 | DW161: 2 | DX161: 1.87 | DY161: 1.91 | DZ161: 1.93 | EA161: 2.06
A162: SP1 | B162: 2025-12-15 | C162: 20:00:00.0000000000031950 | D162: Vallecano | E162: Betis | F162: 0 | G162: 0 | H162: D | I162: 0 | J162: 0 | K162: D | L162: 23 | M162: 13 | N162: 7 | O162: 6 | P162: 10 | Q162: 7 | R162: 8 | S162: 3 | T162: 4 | U162: 1 | V162: 0 | W162: 0 | X162: 2.55 | Y162: 3.4 | Z162: 2.75 | AA162: 2.6 | AB162: 3.25 | AC162: 2.75 | AD162: 2.55 | AE162: 3.5 | AF162: 2.7 | AG162: 2.5 | AH162: 3.25 | AI162: 2.6 | AJ162: 2.55 | AK162: 3.4 | AL162: 2.7 | AM162: 2.5 | AN162: 3.4 | AO162: 2.7 | AP162: 2.5 | AQ162: 3.3 | AR162: 2.7 | AS162: 2.65 | AT162: 3.48 | AU162: 2.71 | AV162: 2.6 | AW162: 3.5 | AX162: 2.75 | AY162: 2.52 | AZ162: 3.35 | BA162: 2.69 | BB162: 2.74 | BC162: 3.35 | BD162: 2.8 | BE162: 1.95 | BF162: 1.9 | BG162: 1.98 | BH162: 1.91 | BI162: 1.95 | BJ162: 1.91 | BK162: 1.92 | BL162: 1.83 | BM162: 1.97 | BN162: 1.96 | BO162: 0 | BP162: 1.88 | BQ162: 1.98 | BR162: 1.93 | BS162: 1.97 | BT162: 1.88 | BU162: 1.98 | BV162: 1.82 | BW162: 1.93 | BX162: 1.96 | BY162: 1.98 | BZ162: 2.55 | CA162: 3.2 | CB162: 2.9 | CC162: 2.6 | CD162: 3.1 | CE162: 2.8 | CF162: 2.55 | CG162: 3.15 | CH162: 2.95 | CI162: 2.55 | CJ162: 3.25 | CK162: 2.88 | CL162: 2.55 | CM162: 3.1 | CN162: 2.9 | CX162: 2.6 | CY162: 3.25 | CZ162: 2.95 | DA162: 2.55 | DB162: 3.15 | DC162: 2.88 | DD162: 2.66 | DE162: 3.3 | DF162: 3.05 | DG162: 2.2 | DH162: 1.67 | DI162: 2.24 | DJ162: 1.71 | DK162: 2.2 | DL162: 1.85 | DM162: 2.11 | DN162: 1.69 | DO162: 2.28 | DP162: 1.77 | DQ162: 0 | DR162: 1.8 | DS162: 2.05 | DT162: 1.83 | DU162: 2.11 | DV162: 1.8 | DW162: 2.05 | DX162: 1.77 | DY162: 2.01 | DZ162: 1.86 | EA162: 2.14
A163: SP1 | B163: 2025-12-19 | C163: 20:00:00.0000000000031950 | D163: Valencia | E163: Mallorca | F163: 1 | G163: 1 | H163: D | I163: 0 | J163: 1 | K163: A | L163: 17 | M163: 4 | N163: 2 | O163: 2 | P163: 10 | Q163: 12 | R163: 12 | S163: 3 | T163: 2 | U163: 3 | V163: 0 | W163: 0 | X163: 1.9 | Y163: 3 | Z163: 4 | AA163: 1.95 | AB163: 3.2 | AC163: 4.2 | AD163: 1.98 | AE163: 3.25 | AF163: 4.1 | AG163: 2 | AH163: 3.25 | AI163: 4.1 | AJ163: 1.98 | AK163: 3.2 | AL163: 4.1 | AM163: 2 | AN163: 3.25 | AO163: 4 | AP163: 2 | AQ163: 3.2 | AR163: 4 | AS163: 2.04 | AT163: 3.3 | AU163: 4.26 | AV163: 2.05 | AW163: 3.25 | AX163: 4.2 | AY163: 1.98 | AZ163: 3.19 | BA163: 4.08 | BB163: 2.08 | BC163: 3.4 | BD163: 4.4 | BE163: 2.38 | BF163: 1.57 | BG163: 2.5 | BH163: 1.56 | BI163: 2.48 | BJ163: 1.57 | BK163: 2.4 | BL163: 1.54 | BM163: 2.52 | BN163: 1.64 | BO163: -0.5 | BP163: 2 | BQ163: 1.85 | BR163: 2.04 | BS163: 1.88 | BT163: 2 | BU163: 1.85 | BV163: 1.93 | BW163: 1.8 | BX163: 2.08 | BY163: 1.91 | BZ163: 2.05 | CA163: 3.2 | CB163: 3.8 | CC163: 2.05 | CD163: 3.1 | CE163: 4 | CF163: 1.96 | CG163: 3.25 | CH163: 4.25 | CI163: 2.05 | CJ163: 3.2 | CK163: 3.9 | CL163: 2.05 | CM163: 3.2 | CN163: 3.9 | CO163: 2.05 | CP163: 3.2 | CQ163: 3.9 | CR163: 2.05 | CS163: 3.1 | CT163: 3.9 | CU163: 2.11 | CV163: 3.22 | CW163: 4.08 | CX163: 2.06 | CY163: 3.25 | CZ163: 4.25 | DA163: 2.03 | DB163: 3.17 | DC163: 3.96 | DD163: 2.14 | DE163: 3.25 | DF163: 4.3 | DG163: 2.38 | DH163: 1.57 | DI163: 2.46 | DJ163: 1.58 | DK163: 2.45 | DL163: 1.58 | DM163: 2.37 | DN163: 1.55 | DO163: 2.5 | DP163: 1.64 | DQ163: -0.5 | DR163: 2.1 | DS163: 1.78 | DT163: 2.12 | DU163: 1.82 | DV163: 2.1 | DW163: 1.78 | DX163: 2.02 | DY163: 1.74 | DZ163: 2.14 | EA163: 1.86
A164: SP1 | B164: 2025-12-20 | C164: 12:59:59.9999999999968050 | D164: Oviedo | E164: Celta | F164: 0 | G164: 0 | H164: D | I164: 0 | J164: 0 | K164: D | L164: 10 | M164: 6 | N164: 3 | O164: 2 | P164: 14 | Q164: 7 | R164: 4 | S164: 3 | T164: 2 | U164: 1 | V164: 0 | W164: 0 | X164: 3.6 | Y164: 3.4 | Z164: 2.05 | AA164: 3.75 | AB164: 3.2 | AC164: 2.05 | AD164: 3.9 | AE164: 3.25 | AF164: 2.04 | AG164: 3.7 | AH164: 3.3 | AI164: 2.1 | AJ164: 3.6 | AK164: 3.3 | AL164: 2.1 | AM164: 3.6 | AN164: 3.3 | AO164: 2.1 | AP164: 3.6 | AQ164: 3.3 | AR164: 2.1 | AS164: 3.81 | AT164: 3.39 | AU164: 2.1 | AV164: 3.9 | AW164: 3.4 | AX164: 2.1 | AY164: 3.7 | AZ164: 3.27 | BA164: 2.07 | BB164: 3.9 | BC164: 3.5 | BD164: 2.16 | BE164: 2.2 | BF164: 1.67 | BG164: 2.34 | BH164: 1.65 | BI164: 2.32 | BJ164: 1.67 | BK164: 2.21 | BL164: 1.62 | BM164: 2.38 | BN164: 1.7 | BO164: 0.5 | BP164: 1.8 | BQ164: 2.05 | BR164: 1.82 | BS164: 2.11 | BT164: 1.83 | BU164: 2.05 | BV164: 1.74 | BW164: 2.01 | BX164: 1.84 | BY164: 2.16 | BZ164: 3.4 | CA164: 3.2 | CB164: 2.2 | CC164: 3.6 | CD164: 3.1 | CE164: 2.15 | CF164: 3.65 | CG164: 3.25 | CH164: 2.12 | CI164: 3.5 | CJ164: 3.2 | CK164: 2.2 | CL164: 3.4 | CM164: 3.2 | CN164: 2.2 | CO164: 3.4 | CP164: 3.2 | CQ164: 2.2 | CR164: 3.4 | CS164: 3.2 | CT164: 2.2 | CU164: 3.6 | CV164: 3.26 | CW164: 2.26 | CX164: 3.65 | CY164: 3.33 | CZ164: 2.25 | DA164: 3.47 | DB164: 3.18 | DC164: 2.18 | DD164: 3.8 | DE164: 3.25 | DF164: 2.3 | DG164: 2.5 | DH164: 1.53 | DI164: 2.45 | DJ164: 1.61 | DK164: 2.5 | DL164: 1.6 | DM164: 2.34 | DN164: 1.56 | DO164: 2.52 | DP164: 1.63 | DQ164: 0.25 | DR164: 1.95 | DS164: 1.9 | DT164: 2 | DU164: 1.93 | DV164: 2 | DW164: 1.9 | DX164: 1.94 | DY164: 1.78 | DZ164: 2.02 | EA164: 1.95
A165: SP1 | B165: 2025-12-20 | C165: 15:14:59.9999999999968050 | D165: Levante | E165: Sociedad | F165: 1 | G165: 1 | H165: D | I165: 0 | J165: 1 | K165: A | L165: 13 | M165: 18 | N165: 3 | O165: 6 | P165: 16 | Q165: 13 | R165: 7 | S165: 10 | T165: 6 | U165: 2 | V165: 0 | W165: 0 | X165: 3.4 | Y165: 3.4 | Z165: 2.15 | AA165: 3.4 | AB165: 3.4 | AC165: 2.1 | AD165: 3.25 | AE165: 3.45 | AF165: 2.18 | AG165: 3.3 | AH165: 3.5 | AI165: 2.15 | AJ165: 3.2 | AK165: 3.4 | AL165: 2.2 | AM165: 3.2 | AN165: 3.4 | AO165: 2.2 | AP165: 3.2 | AQ165: 3.4 | AR165: 2.2 | AS165: 3.47 | AT165: 3.53 | AU165: 2.16 | AV165: 3.4 | AW165: 3.5 | AX165: 2.2 | AY165: 3.29 | AZ165: 3.41 | BA165: 2.15 | BB165: 3.55 | BC165: 3.6 | BD165: 2.24 | BE165: 1.93 | BF165: 1.93 | BG165: 1.94 | BH165: 1.94 | BI165: 1.93 | BJ165: 1.93 | BK165: 1.87 | BL165: 1.86 | BM165: 1.98 | BN165: 1.98 | BO165: 0.25 | BP165: 2 | BQ165: 1.85 | BR165: 2.03 | BS165: 1.88 | BT165: 2 | BU165: 1.88 | BV165: 1.93 | BW165: 1.8 | BX165: 2.05 | BY165: 1.93 | BZ165: 3 | CA165: 3.3 | CB165: 2.38 | CC165: 3 | CD165: 3.2 | CE165: 2.38 | CF165: 3.1 | CG165: 3.3 | CH165: 2.35 | CI165: 3 | CJ165: 3.3 | CK165: 2.38 | CL165: 2.9 | CM165: 3.3 | CN165: 2.4 | CO165: 2.9 | CP165: 3.3 | CQ165: 2.45 | CR165: 2.9 | CS165: 3.25 | CT165: 2.4 | CU165: 3.18 | CV165: 3.38 | CW165: 2.4 | CX165: 3.1 | CY165: 3.33 | CZ165: 2.45 | DA165: 3 | DB165: 3.26 | DC165: 2.38 | DD165: 3.25 | DE165: 3.4 | DF165: 2.5 | DG165: 2 | DH165: 1.8 | DI165: 2.11 | DJ165: 1.8 | DK165: 2.1 | DL165: 1.8 | DM165: 2.03 | DN165: 1.75 | DO165: 2.14 | DP165: 1.87 | DQ165: 0.25 | DR165: 1.8 | DS165: 2.05 | DT165: 1.87 | DU165: 2.07 | DV165: 1.81 | DW165: 2.05 | DX165: 1.78 | DY165: 1.94 | DZ165: 1.87 | EA165: 2.13
A166: SP1 | B166: 2025-12-20 | C166: 17:29:59.9999999999968050 | D166: Osasuna | E166: Alaves | F166: 3 | G166: 0 | H166: H | I166: 0 | J166: 0 | K166: D | L166: 16 | M166: 7 | N166: 7 | O166: 3 | P166: 16 | Q166: 11 | R166: 9 | S166: 0 | T166: 2 | U166: 2 | V166: 0 | W166: 0 | X166: 2.2 | Y166: 3 | Z166: 3.7 | AA166: 2.25 | AB166: 3 | AC166: 3.5 | AD166: 2.28 | AE166: 3.05 | AF166: 3.55 | AG166: 2.2 | AH166: 3.1 | AI166: 3.6 | AJ166: 2.2 | AK166: 3 | AL166: 3.6 | AM166: 2.25 | AN166: 3 | AO166: 3.6 | AP166: 2.2 | AQ166: 3 | AR166: 3.6 | AS166: 2.23 | AT166: 3.12 | AU166: 3.78 | AV166: 2.28 | AW166: 3.1 | AX166: 3.7 | AY166: 2.22 | AZ166: 3.02 | BA166: 3.57 | BB166: 2.32 | BC166: 3.15 | BD166: 3.95 | BE166: 2.63 | BF166: 1.5 | BG166: 2.65 | BH166: 1.5 | BI166: 2.63 | BJ166: 1.53 | BK166: 2.52 | BL166: 1.49 | BM166: 2.72 | BN166: 1.55 | BO166: -0.25 | BP166: 1.88 | BQ166: 1.98 | BR166: 1.89 | BS166: 2.01 | BT166: 1.91 | BU166: 1.98 | BV166: 1.87 | BW166: 1.91 | BX166: 1.95 | BY166: 2.04 | BZ166: 2.2 | CA166: 2.88 | CB166: 4 | CC166: 2.25 | CD166: 2.88 | CE166: 3.75 | CF166: 2.2 | CG166: 2.88 | CH166: 3.95 | CI166: 2.2 | CJ166: 3 | CK166: 3.75 | CL166: 2.2 | CM166: 2.9 | CN166: 3.8 | CO166: 2.2 | CP166: 2.9 | CQ166: 3.8 | CR166: 2.2 | CS166: 2.9 | CT166: 3.8 | CU166: 2.23 | CV166: 3.04 | CW166: 3.97 | CX166: 2.26 | CY166: 3 | CZ166: 4 | DA166: 2.2 | DB166: 2.91 | DC166: 3.82 | DD166: 2.32 | DE166: 3.05 | DF166: 4.1 | DG166: 3.2 | DH166: 1.36 | DI166: 3.06 | DJ166: 1.4 | DK166: 3.2 | DL166: 1.4 | DM166: 2.93 | DN166: 1.38 | DO166: 3.1 | DP166: 1.45 | DQ166: -0.25 | DR166: 1.85 | DS166: 2 | DT166: 1.88 | DU166: 2.04 | DV166: 1.85 | DW166: 2 | DX166: 1.83 | DY166: 1.95 | DZ166: 1.92 | EA166: 2.06
A167: SP1 | B167: 2025-12-20 | C167: 20:00:00.0000000000031950 | D167: Real Madrid | E167: Sevilla | F167: 2 | G167: 0 | H167: H | I167: 1 | J167: 0 | K167: H | L167: 18 | M167: 14 | N167: 8 | O167: 5 | P167: 13 | Q167: 19 | R167: 6 | S167: 5 | T167: 2 | U167: 5 | V167: 0 | W167: 1 | X167: 1.2 | Y167: 7 | Z167: 12 | AA167: 1.2 | AB167: 7 | AC167: 12 | AD167: 1.19 | AE167: 7 | AF167: 14 | AG167: 1.2 | AH167: 7 | AI167: 13 | AJ167: 1.24 | AK167: 6.5 | AL167: 11 | AM167: 1.25 | AN167: 6.5 | AO167: 11 | AP167: 1.25 | AQ167: 6.5 | AR167: 11 | AS167: 1.21 | AT167: 7.03 | AU167: 13.82 | AV167: 1.25 | AW167: 7.5 | AX167: 14 | AY167: 1.21 | AZ167: 6.82 | BA167: 12.31 | BB167: 1.24 | BC167: 7.8 | BD167: 14.5 | BE167: 1.36 | BF167: 3.2 | BG167: 1.36 | BH167: 3.17 | BI167: 1.36 | BJ167: 3.25 | BK167: 1.34 | BL167: 3.11 | BM167: 1.38 | BN167: 3.5 | BO167: -2 | BP167: 1.98 | BQ167: 1.88 | BR167: 1.96 | BS167: 1.93 | BT167: 1.98 | BU167: 1.98 | BV167: 1.87 | BW167: 1.9 | BX167: 2 | BY167: 1.95 | BZ167: 1.2 | CA167: 7.5 | CB167: 13 | CC167: 1.18 | CD167: 7 | CE167: 13 | CF167: 1.17 | CG167: 7.5 | CH167: 15 | CI167: 1.18 | CJ167: 7.5 | CK167: 13 | CL167: 1.21 | CM167: 7.5 | CN167: 11.5 | CO167: 1.2 | CP167: 7.5 | CQ167: 11 | CR167: 1.2 | CS167: 7.5 | CT167: 11 | CU167: 1.21 | CV167: 7.06 | CW167: 13.73 | CX167: 1.22 | CY167: 7.5 | CZ167: 15 | DA167: 1.19 | DB167: 7.14 | DC167: 12.64 | DD167: 1.22 | DE167: 8.4 | DF167: 15 | DG167: 1.4 | DH167: 3 | DI167: 1.41 | DJ167: 2.97 | DK167: 1.4 | DL167: 3.15 | DM167: 1.36 | DN167: 3.02 | DO167: 1.43 | DP167: 3.25 | DQ167: -2 | DR167: 1.9 | DS167: 1.95 | DT167: 1.93 | DU167: 1.97 | DV167: 1.9 | DW167: 2 | DX167: 1.86 | DY167: 1.92 | DZ167: 1.96 | EA167: 2.02
A168: SP1 | B168: 2025-12-21 | C168: 12:59:59.9999999999968050 | D168: Girona | E168: Ath Madrid | F168: 0 | G168: 3 | H168: A | I168: 0 | J168: 2 | K168: A | L168: 9 | M168: 14 | N168: 2 | O168: 6 | P168: 7 | Q168: 14 | R168: 3 | S168: 4 | T168: 2 | U168: 0 | V168: 0 | W168: 0 | X168: 5 | Y168: 4 | Z168: 1.67 | AA168: 5 | AB168: 3.75 | AC168: 1.67 | AD168: 5 | AE168: 4.25 | AF168: 1.62 | AG168: 4.75 | AH168: 3.8 | AI168: 1.62 | AJ168: 4.5 | AK168: 4.1 | AL168: 1.7 | AM168: 4.5 | AN168: 4 | AO168: 1.7 | AP168: 4.4 | AQ168: 4 | AR168: 1.7 | AS168: 4.93 | AT168: 4.18 | AU168: 1.68 | AV168: 5 | AW168: 4.25 | AX168: 1.7 | AY168: 4.79 | AZ168: 4.01 | BA168: 1.65 | BB168: 5.2 | BC168: 4.2 | BD168: 1.74 | BE168: 1.73 | BF168: 2.1 | BG168: 1.78 | BH168: 2.11 | BI168: 1.8 | BJ168: 2.1 | BK168: 1.73 | BL168: 2.03 | BM168: 1.82 | BN168: 2.16 | BO168: 0.75 | BP168: 1.98 | BQ168: 1.88 | BR168: 2.01 | BS168: 1.9 | BT168: 2.02 | BU168: 1.88 | BV168: 1.97 | BW168: 1.79 | BX168: 2.02 | BY168: 1.94 | BZ168: 5 | CA168: 3.8 | CB168: 1.7 | CC168: 4.6 | CD168: 3.75 | CE168: 1.73 | CF168: 5 | CG168: 3.8 | CH168: 1.7 | CI168: 4.8 | CJ168: 3.9 | CK168: 1.7 | CL168: 4.6 | CM168: 3.8 | CN168: 1.73 | CO168: 4.6 | CP168: 3.8 | CQ168: 1.73 | CR168: 4.5 | CS168: 3.75 | CT168: 1.73 | CU168: 4.97 | CV168: 3.77 | CW168: 1.76 | CX168: 5 | CY168: 3.9 | CZ168: 1.73 | DA168: 4.76 | DB168: 3.76 | DC168: 1.71 | DD168: 5.5 | DE168: 3.9 | DF168: 1.77 | DG168: 1.85 | DH168: 2 | DI168: 1.94 | DJ168: 1.96 | DK168: 1.88 | DL168: 2 | DM168: 1.8 | DN168: 1.95 | DO168: 1.93 | DP168: 2.06 | DQ168: 0.75 | DR168: 1.93 | DS168: 1.93 | DT168: 1.93 | DU168: 2 | DV168: 1.93 | DW168: 1.93 | DX168: 1.89 | DY168: 1.88 | DZ168: 1.98 | EA168: 2
A169: SP1 | B169: 2025-12-21 | C169: 15:14:59.9999999999968050 | D169: Villarreal | E169: Barcelona | F169: 0 | G169: 2 | H169: A | I169: 0 | J169: 1 | K169: A | L169: 14 | M169: 19 | N169: 5 | O169: 5 | P169: 10 | Q169: 8 | R169: 5 | S169: 10 | T169: 1 | U169: 1 | V169: 1 | W169: 0 | X169: 3.4 | Y169: 4.75 | Z169: 1.83 | AA169: 3.6 | AB169: 4.33 | AC169: 1.8 | AD169: 3.3 | AE169: 4.6 | AF169: 1.88 | AG169: 3.5 | AH169: 4.2 | AI169: 1.75 | AJ169: 3.3 | AK169: 4.6 | AL169: 1.85 | AM169: 3.3 | AN169: 4.6 | AO169: 1.85 | AP169: 3.3 | AQ169: 4.6 | AR169: 1.83 | AS169: 3.54 | AT169: 4.86 | AU169: 1.83 | AV169: 3.6 | AW169: 5 | AX169: 1.88 | AY169: 3.39 | AZ169: 4.53 | BA169: 1.82 | BB169: 3.75 | BC169: 4.9 | BD169: 1.86 | BE169: 1.29 | BF169: 3.75 | BG169: 1.32 | BH169: 3.35 | BI169: 1.29 | BJ169: 3.85 | BK169: 1.26 | BL169: 3.66 | BM169: 1.3 | BN169: 4 | BO169: 0.75 | BP169: 1.8 | BQ169: 2 | BR169: 1.86 | BS169: 2.06 | BT169: 1.8 | BU169: 2.08 | BV169: 1.76 | BW169: 2.01 | BX169: 1.91 | BY169: 2.07 | BZ169: 3.8 | CA169: 4.33 | CB169: 1.73 | CC169: 4 | CD169: 4.2 | CE169: 1.73 | CF169: 3.95 | CG169: 4.4 | CH169: 1.74 | CI169: 4 | CJ169: 4.4 | CK169: 1.73 | CL169: 3.75 | CM169: 4.4 | CN169: 1.78 | CO169: 3.75 | CP169: 4.4 | CQ169: 1.8 | CR169: 3.7 | CS169: 4.33 | CT169: 1.75 | CU169: 4.19 | CV169: 4.48 | CW169: 1.75 | CX169: 4.1 | CY169: 4.5 | CZ169: 1.8 | DA169: 3.92 | DB169: 4.36 | DC169: 1.73 | DD169: 4.3 | DE169: 4.5 | DF169: 1.82 | DG169: 1.36 | DH169: 3.2 | DI169: 1.37 | DJ169: 3.21 | DK169: 1.36 | DL169: 3.33 | DM169: 1.33 | DN169: 3.19 | DO169: 1.37 | DP169: 3.6 | DQ169: 0.75 | DR169: 1.9 | DS169: 1.95 | DT169: 1.98 | DU169: 1.94 | DV169: 1.93 | DW169: 1.95 | DX169: 1.88 | DY169: 1.88 | DZ169: 1.95 | EA169: 2.03
A170: SP1 | B170: 2025-12-21 | C170: 17:29:59.9999999999968050 | D170: Elche | E170: Vallecano | F170: 4 | G170: 0 | H170: H | I170: 1 | J170: 0 | K170: H | L170: 18 | M170: 18 | N170: 6 | O170: 8 | P170: 15 | Q170: 11 | R170: 4 | S170: 5 | T170: 2 | U170: 3 | V170: 0 | W170: 0 | X170: 2.4 | Y170: 3.1 | Z170: 3.2 | AA170: 2.5 | AB170: 3 | AC170: 3 | AD170: 2.5 | AE170: 3.15 | AF170: 3 | AG170: 2.38 | AH170: 3 | AI170: 2.9 | AJ170: 2.45 | AK170: 3.1 | AL170: 3 | AM170: 2.45 | AN170: 3.1 | AO170: 3 | AP170: 2.45 | AQ170: 3.1 | AR170: 3 | AS170: 2.48 | AT170: 3.08 | AU170: 3.27 | AV170: 2.5 | AW170: 3.15 | AX170: 3.25 | AY170: 2.44 | AZ170: 3.05 | BA170: 3.05 | BB170: 2.5 | BC170: 3.2 | BD170: 3.3 | BE170: 2.38 | BF170: 1.57 | BG170: 2.45 | BH170: 1.57 | BI170: 2.4 | BJ170: 1.6 | BK170: 2.3 | BL170: 1.57 | BM170: 2.46 | BN170: 1.65 | BO170: -0.25 | BP170: 2.05 | BQ170: 1.8 | BR170: 2.11 | BS170: 1.82 | BT170: 2.1 | BU170: 1.8 | BV170: 2.05 | BW170: 1.73 | BX170: 2.12 | BY170: 1.85 | BZ170: 2.5 | CA170: 2.9 | CB170: 3.2 | CC170: 2.5 | CD170: 3 | CE170: 3.1 | CF170: 2.5 | CG170: 3 | CH170: 3.1 | CI170: 2.5 | CJ170: 2.9 | CK170: 3.25 | CL170: 2.45 | CM170: 2.95 | CN170: 3.2 | CO170: 2.45 | CP170: 3 | CQ170: 3.2 | CR170: 2.45 | CS170: 2.9 | CT170: 3.1 | CU170: 2.56 | CV170: 2.99 | CW170: 3.31 | CX170: 2.54 | CY170: 3 | CZ170: 3.25 | DA170: 2.48 | DB170: 2.94 | DC170: 3.15 | DD170: 2.62 | DE170: 3.05 | DF170: 3.4 | DG170: 2.63 | DH170: 1.5 | DI170: 2.68 | DJ170: 1.5 | DK170: 2.63 | DL170: 1.53 | DM170: 2.52 | DN170: 1.5 | DO170: 2.76 | DP170: 1.55 | DQ170: -0.25 | DR170: 2.13 | DS170: 1.75 | DT170: 2.16 | DU170: 1.8 | DV170: 2.13 | DW170: 1.75 | DX170: 2.07 | DY170: 1.73 | DZ170: 2.17 | EA170: 1.83
A171: SP1 | B171: 2025-12-21 | C171: 20:00:00.0000000000031950 | D171: Betis | E171: Getafe | F171: 4 | G171: 0 | H171: H | I171: 1 | J171: 0 | K171: H | L171: 19 | M171: 15 | N171: 8 | O171: 3 | P171: 13 | Q171: 12 | R171: 7 | S171: 5 | T171: 0 | U171: 1 | V171: 0 | W171: 0 | X171: 1.7 | Y171: 3.5 | Z171: 5.5 | AA171: 1.73 | AB171: 3.4 | AC171: 5.5 | AD171: 1.72 | AE171: 3.45 | AF171: 5.5 | AG171: 1.65 | AH171: 3.4 | AI171: 5.25 | AJ171: 1.72 | AK171: 3.5 | AL171: 5.25 | AM171: 1.73 | AN171: 3.5 | AO171: 5.25 | AP171: 1.73 | AQ171: 3.5 | AR171: 5.25 | AS171: 1.71 | AT171: 3.63 | AU171: 5.69 | AV171: 1.73 | AW171: 3.5 | AX171: 5.66 | AY171: 1.7 | AZ171: 3.44 | BA171: 5.36 | BB171: 1.74 | BC171: 3.65 | BD171: 6.2 | BE171: 2.38 | BF171: 1.57 | BG171: 2.49 | BH171: 1.58 | BI171: 2.38 | BJ171: 1.6 | BK171: 2.34 | BL171: 1.56 | BM171: 2.52 | BN171: 1.62 | BO171: -0.75 | BP171: 1.93 | BQ171: 1.93 | BR171: 1.94 | BS171: 1.96 | BT171: 1.94 | BU171: 1.93 | BV171: 1.9 | BW171: 1.87 | BX171: 1.97 | BY171: 1.98 | BZ171: 1.73 | CA171: 3.3 | CB171: 5.5 | CC171: 1.73 | CD171: 3.3 | CE171: 5.5 | CF171: 1.75 | CG171: 3.3 | CH171: 5.6 | CI171: 1.73 | CJ171: 3.4 | CK171: 5.5 | CL171: 1.73 | CM171: 3.3 | CN171: 5.5 | CO171: 1.75 | CP171: 3.3 | CQ171: 5.5 | CR171: 1.73 | CS171: 3.25 | CT171: 5.5 | CU171: 1.77 | CV171: 3.45 | CW171: 5.72 | CX171: 1.75 | CY171: 3.4 | CZ171: 5.66 | DA171: 1.73 | DB171: 3.31 | DC171: 5.5 | DD171: 1.78 | DE171: 3.55 | DF171: 6.2 | DG171: 2.63 | DH171: 1.5 | DI171: 2.69 | DJ171: 1.5 | DK171: 2.63 | DL171: 1.5 | DM171: 2.56 | DN171: 1.48 | DO171: 2.76 | DP171: 1.55 | DQ171: -0.75 | DR171: 2.03 | DS171: 1.83 | DT171: 2.04 | DU171: 1.89 | DV171: 2.03 | DW171: 1.87 | DX171: 1.97 | DY171: 1.81 | DZ171: 2.05 | EA171: 1.93
A172: SP1 | B172: 2025-12-22 | C172: 20:00:00.0000000000031950 | D172: Ath Bilbao | E172: Espanol | F172: 1 | G172: 2 | H172: A | I172: 1 | J172: 1 | K172: D | L172: 17 | M172: 10 | N172: 7 | O172: 5 | P172: 10 | Q172: 9 | R172: 8 | S172: 4 | T172: 5 | U172: 2 | V172: 0 | W172: 0 | X172: 1.75 | Y172: 3.6 | Z172: 5 | AA172: 1.73 | AB172: 3.4 | AC172: 5 | AD172: 1.74 | AE172: 3.5 | AF172: 5.3 | AG172: 1.73 | AH172: 3.3 | AI172: 4.75 | AJ172: 1.75 | AK172: 3.6 | AL172: 4.8 | AM172: 1.75 | AN172: 3.6 | AO172: 4.8 | AP172: 1.75 | AQ172: 3.5 | AR172: 4.8 | AS172: 1.8 | AT172: 3.51 | AU172: 5.1 | AV172: 1.8 | AW172: 3.6 | AX172: 5.3 | AY172: 1.74 | AZ172: 3.46 | BA172: 4.92 | BB172: 1.83 | BC172: 3.65 | BD172: 5.2 | BE172: 2.3 | BF172: 1.62 | BG172: 2.36 | BH172: 1.64 | BI172: 2.3 | BJ172: 1.65 | BK172: 2.22 | BL172: 1.61 | BM172: 2.4 | BN172: 1.67 | BO172: -0.75 | BP172: 2.03 | BQ172: 1.83 | BR172: 2.08 | BS172: 1.84 | BT172: 2.03 | BU172: 1.86 | BV172: 1.96 | BW172: 1.82 | BX172: 2.1 | BY172: 1.86 | BZ172: 1.85 | CA172: 3.3 | CB172: 4.75 | CC172: 1.83 | CD172: 3.3 | CE172: 4.6 | CF172: 1.82 | CG172: 3.4 | CH172: 4.8 | CI172: 1.85 | CJ172: 3.4 | CK172: 4.5 | CL172: 1.85 | CM172: 3.25 | CN172: 4.75 | CO172: 1.85 | CP172: 3.25 | CQ172: 4.8 | CR172: 1.85 | CS172: 3.25 | CT172: 4.6 | CU172: 1.88 | CV172: 3.43 | CW172: 4.87 | CX172: 1.95 | CY172: 3.4 | CZ172: 4.8 | DA172: 1.85 | DB172: 3.31 | DC172: 4.59 | DD172: 1.94 | DE172: 3.5 | DF172: 4.9 | DG172: 2.3 | DH172: 1.62 | DI172: 2.32 | DJ172: 1.67 | DK172: 2.32 | DL172: 1.65 | DM172: 2.26 | DN172: 1.6 | DO172: 2.38 | DP172: 1.71 | DQ172: -0.5 | DR172: 1.88 | DS172: 1.98 | DT172: 1.88 | DU172: 2.04 | DV172: 1.95 | DW172: 1.98 | DX172: 1.82 | DY172: 1.91 | DZ172: 1.93 | EA172: 2.06
A173: SP1 | B173: 2026-01-02 | C173: 20:00:00.0000000000031950 | D173: Vallecano | E173: Getafe | F173: 1 | G173: 1 | H173: D | I173: 1 | J173: 0 | K173: H | L173: 13 | M173: 12 | N173: 4 | O173: 4 | P173: 13 | Q173: 10 | R173: 3 | S173: 2 | T173: 3 | U173: 4 | V173: 0 | W173: 0 | X173: 2.05 | Y173: 2.9 | Z173: 4.5 | AA173: 2.05 | AB173: 2.88 | AC173: 4.33 | AD173: 2.02 | AE173: 2.85 | AF173: 4.6 | AG173: 2.05 | AH173: 2.9 | AI173: 4.5 | AJ173: 2.05 | AK173: 2.87 | AL173: 4.4 | AM173: 2.05 | AN173: 2.87 | AO173: 4.4 | AP173: 2.05 | AQ173: 2.87 | AR173: 4.4 | AS173: 2.11 | AT173: 2.96 | AU173: 4.63 | AV173: 2.1 | AW173: 2.9 | AX173: 4.6 | AY173: 2.04 | AZ173: 2.86 | BA173: 4.46 | BB173: 2.14 | BC173: 3.05 | BD173: 4.8 | BE173: 3.4 | BF173: 1.33 | BG173: 3.33 | BH173: 1.34 | BI173: 3.4 | BJ173: 1.36 | BK173: 3.19 | BL173: 1.33 | BM173: 3.45 | BN173: 1.39 | BO173: -0.5 | BP173: 2.05 | BQ173: 1.8 | BR173: 2.12 | BS173: 1.83 | BT173: 2.05 | BU173: 1.83 | BV173: 1.99 | BW173: 1.76 | BX173: 2.14 | BY173: 1.87 | BZ173: 2.05 | CA173: 2.88 | CB173: 4.5 | CC173: 2.05 | CD173: 2.8 | CE173: 4.5 | CF173: 2 | CG173: 2.85 | CH173: 5.1 | CI173: 2.1 | CJ173: 2.9 | CK173: 4.33 | CL173: 2.05 | CM173: 2.85 | CN173: 4.5 | CO173: 2.05 | CP173: 2.87 | CQ173: 4.5 | CR173: 2.05 | CS173: 2.87 | CT173: 4.4 | CU173: 2.15 | CV173: 2.87 | CW173: 4.68 | CX173: 2.12 | CY173: 2.9 | CZ173: 5.1 | DA173: 2.05 | DB173: 2.83 | DC173: 4.55 | DD173: 2.2 | DE173: 2.94 | DF173: 4.8 | DG173: 3.4 | DH173: 1.33 | DI173: 3.37 | DJ173: 1.34 | DK173: 3.4 | DL173: 1.36 | DM173: 3.21 | DN173: 1.32 | DO173: 3.45 | DP173: 1.39 | DQ173: -0.5 | DR173: 2.1 | DS173: 1.78 | DT173: 2.16 | DU173: 1.8 | DV173: 2.1 | DW173: 1.83 | DX173: 2.02 | DY173: 1.74 | DZ173: 2.2 | EA173: 1.81
A174: SP1 | B174: 2026-01-03 | C174: 12:59:59.9999999999968050 | D174: Celta | E174: Valencia | F174: 4 | G174: 1 | H174: H | I174: 1 | J174: 0 | K174: H | L174: 12 | M174: 16 | N174: 6 | O174: 5 | P174: 10 | Q174: 9 | R174: 2 | S174: 4 | T174: 1 | U174: 3 | V174: 0 | W174: 0 | X174: 2 | Y174: 3.3 | Z174: 4 | AA174: 1.95 | AB174: 3.3 | AC174: 4 | AD174: 1.94 | AE174: 3.3 | AF174: 4.25 | AG174: 2 | AH174: 3.4 | AI174: 3.9 | AJ174: 2 | AK174: 3.3 | AL174: 3.9 | AM174: 2 | AN174: 3.3 | AO174: 3.9 | AP174: 2 | AQ174: 3.3 | AR174: 3.8 | AS174: 2.01 | AT174: 3.35 | AU174: 4.19 | AV174: 2 | AW174: 3.4 | AX174: 4.3 | AY174: 1.96 | AZ174: 3.31 | BA174: 4 | BB174: 2 | BC174: 3.55 | BD174: 4.3 | BE174: 2.1 | BF174: 1.73 | BG174: 2.21 | BH174: 1.72 | BI174: 2.16 | BJ174: 1.73 | BK174: 2.09 | BL174: 1.69 | BM174: 2.26 | BN174: 1.79 | BO174: -0.5 | BP174: 2 | BQ174: 1.85 | BR174: 2.02 | BS174: 1.88 | BT174: 2 | BU174: 1.91 | BV174: 1.93 | BW174: 1.81 | BX174: 2 | BY174: 1.96 | BZ174: 2 | CA174: 3.25 | CB174: 3.9 | CC174: 2 | CD174: 3.25 | CE174: 4 | CF174: 2.02 | CG174: 3.15 | CH174: 4.1 | CI174: 2 | CJ174: 3.3 | CK174: 3.9 | CL174: 1.98 | CM174: 3.3 | CN174: 4 | CO174: 2 | CP174: 3.3 | CQ174: 4 | CR174: 1.95 | CS174: 3.3 | CT174: 4 | CU174: 2.06 | CV174: 3.29 | CW174: 4.16 | CX174: 2.02 | CY174: 3.33 | CZ174: 4.1 | DA174: 1.99 | DB174: 3.24 | DC174: 3.99 | DD174: 2.1 | DE174: 3.35 | DF174: 4.4 | DG174: 2.2 | DH174: 1.67 | DI174: 2.33 | DJ174: 1.67 | DK174: 2.25 | DL174: 1.68 | DM174: 2.2 | DN174: 1.64 | DO174: 2.4 | DP174: 1.71 | DQ174: -0.5 | DR174: 2.03 | DS174: 1.83 | DT174: 2.07 | DU174: 1.86 | DV174: 2.03 | DW174: 1.85 | DX174: 1.94 | DY174: 1.8 | DZ174: 2.1 | EA174: 1.9
... A176: SP1 | B176: 2026-01-03 | C176: 17:29:59.9999999999968050 | D176: Elche | E176: Villarreal | F176: 1 | G176: 3 | H176: A | I176: 1 | J176: 2 | K176: A | L176: 15 | M176: 12 | N176: 2 | O176: 4 | P176: 8 | Q176: 11 | R176: 6 | S176: 2 | T176: 3 | U176: 3 | V176: 0 | W176: 0 | X176: 3.2 | Y176: 3.5 | Z176: 2.2 | AA176: 3.2 | AB176: 3.4 | AC176: 2.2 | AD176: 3.25 | AE176: 3.5 | AF176: 2.18 | AG176: 3.13 | AH176: 3.6 | AI176: 2.2 | AJ176: 3.2 | AK176: 3.5 | AL176: 2.15 | AM176: 3.2 | AN176: 3.5 | AO176: 2.2 | AP176: 3.2 | AQ176: 3.5 | AR176: 2.15 | AS176: 3.24 | AT176: 3.58 | AU176: 2.24 | AV176: 3.33 | AW176: 3.6 | AX176: 2.25 | AY176: 3.19 | AZ176: 3.49 | BA176: 2.18 | BB176: 3.3 | BC176: 3.6 | BD176: 2.36 | BE176: 1.8 | BF176: 2 | BG176: 1.79 | BH176: 2.1 | BI176: 1.8 | BJ176: 2.05 | BK176: 1.75 | BL176: 2 | BM176: 1.82 | BN176: 2.16 | BO176: 0.25 | BP176: 1.93 | BQ176: 1.93 | BR176: 1.95 | BS176: 1.95 | BT176: 1.95 | BU176: 1.93 | BV176: 1.9 | BW176: 1.82 | BX176: 1.94 | BY176: 2.03 | BZ176: 3.1 | CA176: 3.4 | CB176: 2.25 | CC176: 3.1 | CD176: 3.4 | CE176: 2.25 | CF176: 3.25 | CG176: 3.45 | CH176: 2.23 | CI176: 3 | CJ176: 3.6 | CK176: 2.25 | CL176: 3 | CM176: 3.5 | CN176: 2.25 | CO176: 3 | CP176: 3.5 | CQ176: 2.25 | CR176: 3 | CS176: 3.5 | CT176: 2.25 | CU176: 3.24 | CV176: 3.52 | CW176: 2.3 | CX176: 3.25 | CY176: 3.6 | CZ176: 2.28 | DA176: 3.09 | DB176: 3.44 | DC176: 2.24 | DD176: 3.35 | DE176: 3.55 | DF176: 2.34 | DG176: 1.73 | DH176: 2.1 | DI176: 1.8 | DJ176: 2.09 | DK176: 1.8 | DL176: 2.1 | DM176: 1.75 | DN176: 2.02 | DO176: 1.87 | DP176: 2.12 | DQ176: 0.25 | DR176: 1.9 | DS176: 1.95 | DT176: 1.93 | DU176: 1.99 | DV176: 1.91 | DW176: 1.95 | DX176: 1.87 | DY176: 1.85 | DZ176: 1.96 | EA176: 2.03
A177: SP1 | B177: 2026-01-03 | C177: 20:00:00.0000000000031950 | D177: Espanol | E177: Barcelona | F177: 0 | G177: 2 | H177: A | I177: 0 | J177: 0 | K177: D | L177: 14 | M177: 15 | N177: 7 | O177: 6 | P177: 10 | Q177: 14 | R177: 5 | S177: 7 | T177: 1 | U177: 0 | V177: 0 | W177: 0 | X177: 5.25 | Y177: 4.75 | Z177: 1.5 | AA177: 5.5 | AB177: 4.6 | AC177: 1.5 | AD177: 5.6 | AE177: 4.8 | AF177: 1.5 | AG177: 5.5 | AH177: 4.8 | AI177: 1.5 | AM177: 5.25 | AN177: 4.8 | AO177: 1.53 | AP177: 5 | AQ177: 4.8 | AR177: 1.53 | AS177: 5.55 | AT177: 4.83 | AU177: 1.54 | AV177: 5.6 | AW177: 4.8 | AX177: 1.55 | AY177: 5.35 | AZ177: 4.72 | BA177: 1.51 | BB177: 5.9 | BC177: 5.1 | BD177: 1.56 | BE177: 1.4 | BF177: 3 | BG177: 1.41 | BH177: 2.94 | BI177: 1.4 | BJ177: 3 | BK177: 1.39 | BL177: 2.86 | BM177: 1.44 | BN177: 3.15 | BO177: 1.25 | BP177: 1.78 | BQ177: 2.03 | BR177: 1.85 | BS177: 2.07 | BT177: 1.8 | BU177: 2.03 | BV177: 1.76 | BW177: 2 | BX177: 1.89 | BY177: 2.1 | BZ177: 5.75 | CA177: 4.5 | CB177: 1.5 | CC177: 6 | CD177: 4.5 | CE177: 1.5 | CF177: 6.5 | CG177: 4.8 | CH177: 1.44 | CI177: 5.75 | CJ177: 4.6 | CK177: 1.5 | CO177: 5.25 | CP177: 4.6 | CQ177: 1.53 | CR177: 5.25 | CS177: 4.6 | CT177: 1.53 | CU177: 5.94 | CV177: 4.75 | CW177: 1.52 | CX177: 6.5 | CY177: 5 | CZ177: 1.53 | DA177: 5.81 | DB177: 4.64 | DC177: 1.48 | DD177: 6.6 | DE177: 4.9 | DF177: 1.54 | DG177: 1.5 | DH177: 2.63 | DI177: 1.53 | DJ177: 2.61 | DK177: 1.53 | DL177: 2.7 | DM177: 1.49 | DN177: 2.55 | DO177: 1.55 | DP177: 2.76 | DQ177: 1.25 | DR177: 1.75 | DS177: 2.05 | DT177: 1.81 | DU177: 2.1 | DV177: 1.9 | DW177: 2.05 | DX177: 1.8 | DY177: 1.97 | DZ177: 1.85 | EA177: 2.16
A178: SP1 | B178: 2026-01-04 | C178: 12:59:59.9999999999968050 | D178: Sevilla | E178: Levante | F178: 0 | G178: 3 | H178: A | I178: 0 | J178: 1 | K178: A | L178: 15 | M178: 6 | N178: 7 | O178: 4 | P178: 16 | Q178: 10 | R178: 5 | S178: 1 | T178: 3 | U178: 4 | V178: 0 | W178: 0 | X178: 1.75 | Y178: 3.6 | Z178: 4.75 | AA178: 1.8 | AB178: 3.6 | AC178: 4.5 | AD178: 1.79 | AE178: 3.7 | AF178: 4.5 | AG178: 1.73 | AH178: 3.5 | AI178: 4.33 | AJ178: 1.83 | AK178: 3.5 | AL178: 4.5 | AM178: 1.83 | AN178: 3.5 | AO178: 4.5 | AP178: 1.83 | AQ178: 3.4 | AR178: 4.4 | AS178: 1.78 | AT178: 3.83 | AU178: 4.73 | AV178: 1.83 | AW178: 3.8 | AX178: 4.75 | AY178: 1.77 | AZ178: 3.6 | BA178: 4.48 | BB178: 1.82 | BC178: 3.9 | BD178: 5 | BE178: 1.91 | BF178: 1.91 | BG178: 1.92 | BH178: 1.97 | BI178: 1.91 | BJ178: 1.95 | BK178: 1.87 | BL178: 1.86 | BM178: 1.98 | BN178: 1.98 | BO178: -0.75 | BP178: 2.03 | BQ178: 1.83 | BR178: 2.03 | BS178: 1.88 | BT178: 2.03 | BU178: 1.86 | BV178: 1.98 | BW178: 1.8 | BX178: 2.06 | BY178: 1.9 | BZ178: 1.73 | CA178: 3.8 | CB178: 4.5 | CC178: 1.8 | CD178: 3.6 | CE178: 4.5 | CF178: 1.73 | CG178: 3.75 | CH178: 4.8 | CI178: 1.75 | CJ178: 3.75 | CK178: 4.6 | CL178: 1.77 | CM178: 3.75 | CN178: 4.4 | CO178: 1.75 | CP178: 3.75 | CQ178: 4.4 | CR178: 1.75 | CS178: 3.7 | CT178: 4.4 | CU178: 1.79 | CV178: 3.65 | CW178: 5.07 | CX178: 1.8 | CY178: 3.8 | CZ178: 5 | DA178: 1.74 | DB178: 3.69 | DC178: 4.6 | DD178: 1.81 | DE178: 3.8 | DF178: 5.3 | DG178: 1.8 | DH178: 2 | DI178: 1.99 | DJ178: 1.92 | DK178: 1.91 | DL178: 2 | DM178: 1.84 | DN178: 1.91 | DO178: 2.02 | DP178: 1.95 | DQ178: -0.75 | DR178: 1.98 | DS178: 1.88 | DT178: 2.03 | DU178: 1.89 | DV178: 1.98 | DW178: 1.88 | DX178: 1.93 | DY178: 1.84 | DZ178: 2.06 | EA178: 1.93
A179: SP1 | B179: 2026-01-04 | C179: 15:14:59.9999999999968050 | D179: Real Madrid | E179: Betis | F179: 5 | G179: 1 | H179: H | I179: 1 | J179: 0 | K179: H | L179: 19 | M179: 13 | N179: 9 | O179: 5 | P179: 10 | Q179: 12 | R179: 5 | S179: 8 | T179: 1 | U179: 1 | V179: 0 | W179: 0 | X179: 1.45 | Y179: 4.75 | Z179: 6.25 | AA179: 1.44 | AB179: 4.6 | AC179: 6.5 | AD179: 1.46 | AE179: 4.8 | AF179: 6.1 | AG179: 1.44 | AH179: 4.5 | AI179: 5.75 | AJ179: 1.49 | AK179: 4.75 | AL179: 6 | AM179: 1.48 | AN179: 4.8 | AO179: 5.75 | AP179: 1.48 | AQ179: 4.6 | AR179: 5.75 | AS179: 1.45 | AT179: 4.92 | AU179: 6.8 | AV179: 1.49 | AW179: 4.85 | AX179: 6.5 | AY179: 1.46 | AZ179: 4.67 | BA179: 5.99 | BB179: 1.5 | BC179: 5.1 | BD179: 7 | BE179: 1.44 | BF179: 2.75 | BG179: 1.45 | BH179: 2.79 | BI179: 1.45 | BJ179: 2.75 | BK179: 1.44 | BL179: 2.66 | BM179: 1.51 | BN179: 2.86 | BO179: -1.25 | BP179: 2 | BQ179: 1.85 | BR179: 2 | BS179: 1.91 | BT179: 2 | BU179: 1.85 | BV179: 1.94 | BW179: 1.82 | BX179: 2.01 | BY179: 1.92 | BZ179: 1.5 | CA179: 4.6 | CB179: 6 | CC179: 1.5 | CD179: 4.5 | CE179: 6 | CF179: 1.46 | CG179: 4.7 | CH179: 6.5 | CI179: 1.45 | CJ179: 4.75 | CK179: 6.5 | CL179: 1.5 | CM179: 4.75 | CN179: 5.75 | CO179: 1.5 | CP179: 4.8 | CQ179: 5.75 | CR179: 1.5 | CS179: 4.6 | CT179: 5.5 | CU179: 1.51 | CV179: 4.55 | CW179: 6.75 | CX179: 1.52 | CY179: 4.8 | CZ179: 6.5 | DA179: 1.48 | DB179: 4.59 | DC179: 6.05 | DD179: 1.55 | DE179: 4.6 | DF179: 7 | DG179: 1.57 | DH179: 2.38 | DI179: 1.56 | DJ179: 2.52 | DK179: 1.57 | DL179: 2.6 | DM179: 1.51 | DN179: 2.47 | DO179: 1.59 | DP179: 2.68 | DQ179: -1 | DR179: 1.83 | DS179: 2.03 | DT179: 1.85 | DU179: 2.09 | DV179: 1.83 | DW179: 2.12 | DX179: 1.74 | DY179: 2.06 | DZ179: 1.87 | EA179: 2.11
A180: SP1 | B180: 2026-01-04 | C180: 17:29:59.9999999999968050 | D180: Alaves | E180: Oviedo | F180: 1 | G180: 1 | H180: D | I180: 0 | J180: 0 | K180: D | L180: 18 | M180: 18 | N180: 7 | O180: 6 | P180: 11 | Q180: 20 | R180: 6 | S180: 7 | T180: 3 | U180: 3 | V180: 1 | W180: 1 | X180: 1.9 | Y180: 3 | Z180: 5.25 | AA180: 1.83 | AB180: 3.2 | AC180: 5 | AD180: 1.82 | AE180: 3.2 | AF180: 5.25 | AG180: 1.83 | AH180: 3 | AI180: 4.6 | AJ180: 1.87 | AK180: 3.1 | AL180: 5 | AM180: 1.85 | AN180: 3.1 | AO180: 5 | AP180: 1.85 | AQ180: 3.1 | AR180: 4.8 | AS180: 1.92 | AT180: 3.12 | AU180: 5.17 | AV180: 1.9 | AW180: 3.2 | AX180: 5.33 | AY180: 1.84 | AZ180: 3.08 | BA180: 5.02 | BB180: 1.93 | BC180: 3.25 | BD180: 5.5 | BE180: 3 | BF180: 1.4 | BG180: 2.83 | BH180: 1.44 | BI180: 3 | BJ180: 1.44 | BK180: 2.77 | BL180: 1.4 | BM180: 2.94 | BN180: 1.48 | BO180: -0.5 | BP180: 1.88 | BQ180: 1.98 | BR180: 1.93 | BS180: 1.98 | BT180: 1.88 | BU180: 1.98 | BV180: 1.82 | BW180: 1.91 | BX180: 1.93 | BY180: 2.04 | BZ180: 2 | CA180: 2.8 | CB180: 5.25 | CC180: 1.91 | CD180: 3 | CE180: 5 | CF180: 1.89 | CG180: 3 | CH180: 5.3 | CI180: 1.95 | CJ180: 2.88 | CK180: 5.25 | CL180: 1.95 | CM180: 2.87 | CN180: 5 | CO180: 1.95 | CP180: 2.87 | CQ180: 5 | CR180: 1.95 | CS180: 2.8 | CT180: 4.8 | CU180: 1.93 | CV180: 3.03 | CW180: 5.48 | CX180: 2 | CY180: 3 | CZ180: 5.5 | DA180: 1.92 | DB180: 2.88 | DC180: 5.14 | DD180: 1.97 | DE180: 3.1 | DF180: 5.8 | DG180: 3.4 | DH180: 1.33 | DI180: 3.35 | DJ180: 1.34 | DK180: 3.4 | DL180: 1.36 | DM180: 3.21 | DN180: 1.33 | DO180: 3.5 | DP180: 1.39 | DQ180: -0.5 | DR180: 2 | DS180: 1.85 | DT180: 1.94 | DU180: 1.98 | DV180: 2 | DW180: 1.93 | DX180: 1.88 | DY180: 1.84 | DZ180: 1.97 | EA180: 2.02
A181: SP1 | B181: 2026-01-04 | C181: 17:29:59.9999999999968050 | D181: Mallorca | E181: Girona | F181: 1 | G181: 2 | H181: A | I181: 0 | J181: 1 | K181: A | L181: 9 | M181: 9 | N181: 2 | O181: 4 | P181: 10 | Q181: 14 | R181: 3 | S181: 6 | T181: 2 | U181: 1 | V181: 0 | W181: 0 | X181: 2.25 | Y181: 3.2 | Z181: 3.4 | AA181: 2.25 | AB181: 3.2 | AC181: 3.3 | AD181: 2.25 | AE181: 3.1 | AF181: 3.45 | AG181: 2.15 | AH181: 3.13 | AI181: 3.2 | AJ181: 2.35 | AK181: 3 | AL181: 3.3 | AM181: 2.3 | AN181: 3.1 | AO181: 3.3 | AP181: 2.3 | AQ181: 3 | AR181: 3.3 | AS181: 2.26 | AT181: 3.29 | AU181: 3.49 | AV181: 2.35 | AW181: 3.2 | AX181: 3.45 | AY181: 2.24 | AZ181: 3.12 | BA181: 3.34 | BB181: 2.3 | BC181: 3.35 | BD181: 3.65 | BE181: 2.2 | BF181: 1.67 | BG181: 2.27 | BH181: 1.68 | BI181: 2.2 | BJ181: 1.68 | BK181: 2.17 | BL181: 1.64 | BM181: 2.34 | BN181: 1.72 | BO181: -0.25 | BP181: 1.93 | BQ181: 1.93 | BR181: 1.93 | BS181: 1.97 | BT181: 1.93 | BU181: 1.93 | BV181: 1.88 | BW181: 1.88 | BX181: 1.96 | BY181: 2.01 | BZ181: 2.3 | CA181: 3.1 | CB181: 3.4 | CC181: 2.25 | CD181: 3.1 | CE181: 3.4 | CF181: 2.25 | CG181: 3.1 | CH181: 3.5 | CI181: 2.25 | CJ181: 3.25 | CK181: 3.3 | CL181: 2.25 | CM181: 3.1 | CN181: 3.4 | CO181: 2.25 | CP181: 3.1 | CQ181: 3.4 | CR181: 2.25 | CS181: 3.1 | CT181: 3.3 | CU181: 2.25 | CV181: 3.17 | CW181: 3.73 | CX181: 2.3 | CY181: 3.25 | CZ181: 3.5 | DA181: 2.26 | DB181: 3.1 | DC181: 3.39 | DD181: 2.3 | DE181: 3.2 | DF181: 3.85 | DG181: 2.3 | DH181: 1.62 | DI181: 2.37 | DJ181: 1.65 | DK181: 2.3 | DL181: 1.65 | DM181: 2.25 | DN181: 1.61 | DO181: 2.4 | DP181: 1.69 | DQ181: -0.25 | DR181: 1.95 | DS181: 1.9 | DT181: 1.92 | DU181: 2.01 | DV181: 1.95 | DW181: 1.9 | DX181: 1.9 | DY181: 1.87 | DZ181: 1.94 | EA181: 2.04
A182: SP1 | B182: 2026-01-04 | C182: 20:00:00.0000000000031950 | D182: Sociedad | E182: Ath Madrid | F182: 1 | G182: 1 | H182: D | I182: 0 | J182: 0 | K182: D | L182: 18 | M182: 10 | N182: 8 | O182: 2 | P182: 11 | Q182: 13 | R182: 6 | S182: 6 | T182: 3 | U182: 2 | V182: 0 | W182: 0 | X182: 3.9 | Y182: 3.6 | Z182: 1.91 | AA182: 4 | AB182: 3.4 | AC182: 1.95 | AD182: 3.8 | AE182: 3.6 | AF182: 1.95 | AG182: 3.8 | AH182: 3.4 | AI182: 1.87 | AJ182: 3.9 | AK182: 3.5 | AL182: 1.93 | AM182: 3.9 | AN182: 3.5 | AO182: 1.91 | AP182: 3.9 | AQ182: 3.5 | AR182: 1.91 | AS182: 3.86 | AT182: 3.72 | AU182: 1.97 | AV182: 4 | AW182: 3.66 | AX182: 1.96 | AY182: 3.82 | AZ182: 3.51 | BA182: 1.92 | BB182: 4.1 | BC182: 3.75 | BD182: 2 | BE182: 2 | BF182: 1.8 | BG182: 2.08 | BH182: 1.81 | BI182: 2.1 | BJ182: 1.8 | BK182: 2 | BL182: 1.75 | BM182: 2.12 | BN182: 1.84 | BO182: 0.5 | BP182: 1.93 | BQ182: 1.93 | BR182: 1.93 | BS182: 1.98 | BT182: 1.93 | BU182: 1.95 | BV182: 1.84 | BW182: 1.88 | BX182: 1.96 | BY182: 2 | BZ182: 3.6 | CA182: 3.8 | CB182: 1.91 | CC182: 4 | CD182: 3.6 | CE182: 1.9 | CF182: 4 | CG182: 3.65 | CH182: 1.89 | CI182: 3.8 | CJ182: 3.7 | CK182: 1.91 | CL182: 3.75 | CM182: 3.6 | CN182: 1.93 | CO182: 3.75 | CP182: 3.6 | CQ182: 1.95 | CR182: 4.4 | CS182: 3.75 | CT182: 1.75 | CU182: 4.25 | CV182: 3.81 | CW182: 1.88 | CX182: 4.4 | CY182: 3.8 | CZ182: 1.95 | DA182: 3.91 | DB182: 3.65 | DC182: 1.88 | DD182: 4.3 | DE182: 3.9 | DF182: 1.94 | DG182: 1.73 | DH182: 2.1 | DI182: 1.77 | DJ182: 2.13 | DK182: 1.8 | DL182: 2.1 | DM182: 1.76 | DN182: 2.01 | DO182: 1.83 | DP182: 2.18 | DQ182: 0.5 | DR182: 1.9 | DS182: 1.95 | DT182: 2.04 | DU182: 1.89 | DV182: 1.93 | DW182: 1.95 | DX182: 1.88 | DY182: 1.85 | DZ182: 2.05 | EA182: 1.94
A183: SP1 | B183: 2026-01-09 | C183: 20:00:00.0000000000031950 | D183: Getafe | E183: Sociedad | F183: 1 | G183: 2 | H183: A | I183: 0 | J183: 1 | K183: A | L183: 6 | M183: 12 | N183: 3 | O183: 5 | P183: 17 | Q183: 17 | R183: 2 | S183: 4 | T183: 2 | U183: 1 | V183: 0 | W183: 0 | X183: 3.3 | Y183: 2.9 | Z183: 2.45 | AA183: 3.4 | AB183: 2.88 | AC183: 2.4 | AD183: 3.45 | AE183: 2.85 | AF183: 2.45 | AG183: 3.4 | AH183: 2.88 | AI183: 2.4 | AJ183: 3.4 | AK183: 2.8 | AL183: 2.45 | AM183: 3.4 | AN183: 2.8 | AO183: 2.45 | AP183: 3.4 | AQ183: 2.8 | AR183: 2.45 | AS183: 3.54 | AT183: 2.88 | AU183: 2.52 | AV183: 3.45 | AW183: 2.9 | AX183: 2.5 | AY183: 3.38 | AZ183: 2.83 | BA183: 2.43 | BB183: 3.65 | BC183: 2.98 | BD183: 2.56 | BE183: 3.2 | BF183: 1.36 | BG183: 3.16 | BH183: 1.38 | BI183: 3.2 | BJ183: 1.4 | BK183: 3.04 | BL183: 1.36 | BM183: 3.25 | BN183: 1.43 | BO183: 0.25 | BP183: 1.8 | BQ183: 2.05 | BR183: 1.84 | BS183: 2.1 | BT183: 1.83 | BU183: 2.05 | BV183: 1.78 | BW183: 1.94 | BX183: 1.88 | BY183: 2.13 | BZ183: 3.5 | CA183: 3 | CB183: 2.3 | CC183: 3.4 | CD183: 2.88 | CE183: 2.4 | CF183: 3.4 | CG183: 2.85 | CH183: 2.45 | CI183: 3.5 | CJ183: 3 | CK183: 2.3 | CL183: 3.4 | CM183: 2.85 | CN183: 2.4 | CO183: 3.4 | CP183: 2.87 | CQ183: 2.4 | CR183: 3.4 | CS183: 2.87 | CT183: 2.4 | CU183: 3.64 | CV183: 2.99 | CW183: 2.39 | CX183: 3.6 | CY183: 3 | CZ183: 2.45 | DA183: 3.44 | DB183: 2.89 | DC183: 2.37 | DD183: 3.75 | DE183: 3 | DF183: 2.46 | DG183: 3 | DH183: 1.4 | DI183: 2.97 | DJ183: 1.42 | DK183: 3.15 | DL183: 1.44 | DM183: 2.88 | DN183: 1.39 | DO183: 3.1 | DP183: 1.47 | DQ183: 0.25 | DR183: 1.88 | DS183: 1.98 | DT183: 1.92 | DU183: 2.01 | DV183: 1.88 | DW183: 2.02 | DX183: 1.82 | DY183: 1.89 | DZ183: 1.93 | EA183: 2.06
A184: SP1 | B184: 2026-01-10 | C184: 12:59:59.9999999999968050 | D184: Oviedo | E184: Betis | F184: 1 | G184: 1 | H184: D | I184: 0 | J184: 0 | K184: D | L184: 13 | M184: 15 | N184: 3 | O184: 6 | P184: 15 | Q184: 8 | R184: 5 | S184: 2 | T184: 3 | U184: 1 | V184: 0 | W184: 0 | X184: 4.2 | Y184: 3.5 | Z184: 1.91 | AA184: 4.2 | AB184: 3.4 | AC184: 1.9 | AD184: 4.2 | AE184: 3.45 | AF184: 1.91 | AG184: 4.1 | AH184: 3.5 | AI184: 1.91 | AJ184: 4 | AK184: 3.4 | AL184: 1.93 | AM184: 4 | AN184: 3.4 | AO184: 1.91 | AP184: 4 | AQ184: 3.4 | AR184: 1.91 | AS184: 4.34 | AT184: 3.41 | AU184: 1.95 | AV184: 4.25 | AW184: 3.5 | AX184: 1.93 | AY184: 4.13 | AZ184: 3.42 | BA184: 1.9 | BB184: 4.5 | BC184: 3.6 | BD184: 1.98 | BE184: 2.1 | BF184: 1.73 | BG184: 2.12 | BH184: 1.78 | BI184: 2.12 | BJ184: 1.8 | BK184: 2.05 | BL184: 1.72 | BM184: 2.22 | BN184: 1.8 | BO184: 0.5 | BP184: 1.93 | BQ184: 1.93 | BR184: 1.94 | BS184: 1.96 | BT184: 1.93 | BU184: 1.93 | BV184: 1.88 | BW184: 1.85 | BX184: 2 | BY184: 1.98 | BZ184: 3.8 | CA184: 3.4 | CB184: 1.95 | CC184: 3.75 | CD184: 3.3 | CE184: 2.05 | CF184: 4 | CG184: 3.4 | CH184: 1.96 | CI184: 3.8 | CJ184: 3.4 | CK184: 2 | CL184: 3.75 | CM184: 3.3 | CN184: 2.05 | CO184: 3.75 | CP184: 3.3 | CQ184: 2.05 | CR184: 3.75 | CS184: 3.3 | CT184: 2.05 | CU184: 3.89 | CV184: 3.48 | CW184: 2.05 | CX184: 4 | CY184: 3.6 | CZ184: 2.05 | DA184: 3.85 | DB184: 3.36 | DC184: 1.98 | DD184: 4 | DE184: 3.55 | DF184: 2.08 | DG184: 2 | DH184: 1.8 | DI184: 2.1 | DJ184: 1.8 | DK184: 2.12 | DL184: 1.83 | DM184: 2.04 | DN184: 1.73 | DO184: 2.14 | DP184: 1.86 | DQ184: 0.5 | DR184: 1.88 | DS184: 1.98 | DT184: 1.86 | DU184: 2.07 | DV184: 1.88 | DW184: 2 | DX184: 1.81 | DY184: 1.93 | DZ184: 1.9 | EA184: 2.09
A185: SP1 | B185: 2026-01-10 | C185: 15:14:59.9999999999968050 | D185: Villarreal | E185: Alaves | F185: 3 | G185: 1 | H185: H | I185: 0 | J185: 0 | K185: D | L185: 11 | M185: 16 | N185: 4 | O185: 5 | P185: 10 | Q185: 14 | R185: 1 | S185: 6 | T185: 0 | U185: 2 | V185: 0 | W185: 0 | X185: 1.45 | Y185: 4.33 | Z185: 7 | AA185: 1.44 | AB185: 4.2 | AC185: 7.5 | AD185: 1.45 | AE185: 4.5 | AF185: 7 | AG185: 1.45 | AH185: 4.4 | AI185: 7.5 | AJ185: 1.49 | AK185: 4.33 | AL185: 6.75 | AM185: 1.48 | AN185: 4.33 | AO185: 6.5 | AP185: 1.48 | AQ185: 4.2 | AR185: 6.5 | AS185: 1.48 | AT185: 4.54 | AU185: 7.03 | AV185: 1.49 | AW185: 4.5 | AX185: 7.75 | AY185: 1.46 | AZ185: 4.32 | BA185: 6.96 | BB185: 1.5 | BC185: 4.6 | BD185: 8.4 | BE185: 1.88 | BF185: 1.98 | BG185: 1.88 | BH185: 2.01 | BI185: 1.91 | BJ185: 1.98 | BK185: 1.85 | BL185: 1.88 | BM185: 1.92 | BN185: 2.04 | BO185: -1 | BP185: 1.75 | BQ185: 2.05 | BR185: 1.81 | BS185: 2.12 | BT185: 1.76 | BU185: 2.1 | BV185: 1.75 | BW185: 2.03 | BX185: 1.82 | BY185: 2.15 | BZ185: 1.45 | CA185: 4.5 | CB185: 7 | CC185: 1.44 | CD185: 4.2 | CE185: 7.5 | CF185: 1.4 | CG185: 4.7 | CH185: 8 | CI185: 1.45 | CJ185: 4.33 | CK185: 7.5 | CL185: 1.49 | CM185: 4.4 | CN185: 6.5 | CO185: 1.5 | CP185: 4.4 | CQ185: 6.5 | CR185: 1.48 | CS185: 4.33 | CT185: 6.5 | CU185: 1.49 | CV185: 4.29 | CW185: 7.76 | CX185: 1.5 | CY185: 4.7 | CZ185: 8 | DA185: 1.44 | DB185: 4.37 | DC185: 7.25 | DD185: 1.5 | DE185: 4.4 | DF185: 8.6 | DG185: 2 | DH185: 1.8 | DI185: 2 | DJ185: 1.91 | DK185: 2 | DL185: 1.96 | DM185: 1.9 | DN185: 1.85 | DO185: 2.02 | DP185: 1.94 | DQ185: -1.25 | DR185: 2.08 | DS185: 1.73 | DT185: 2.16 | DU185: 1.78 | DV185: 2.08 | DW185: 1.88 | DX185: 1.98 | DY185: 1.79 | DZ185: 2.19 | EA185: 1.8
A186: SP1 | B186: 2026-01-10 | C186: 17:29:59.9999999999968050 | D186: Girona | E186: Osasuna | F186: 1 | G186: 0 | H186: H | I186: 1 | J186: 0 | K186: H | L186: 8 | M186: 13 | N186: 4 | O186: 1 | P186: 14 | Q186: 13 | R186: 2 | S186: 1 | T186: 2 | U186: 6 | V186: 1 | W186: 0 | X186: 2.35 | Y186: 3.25 | Z186: 3.1 | AA186: 2.4 | AB186: 3.2 | AC186: 3 | AD186: 2.38 | AE186: 3.3 | AF186: 3.05 | AG186: 2.38 | AH186: 3.25 | AI186: 3 | AJ186: 2.37 | AK186: 3.2 | AL186: 3.1 | AM186: 2.37 | AN186: 3.25 | AO186: 3.1 | AP186: 2.37 | AQ186: 3.2 | AR186: 3 | AS186: 2.42 | AT186: 3.2 | AU186: 3.25 | AV186: 2.4 | AW186: 3.3 | AX186: 3.25 | AY186: 2.36 | AZ186: 3.2 | BA186: 3.07 | BB186: 2.5 | BC186: 3.3 | BD186: 3.3 | BE186: 2.1 | BF186: 1.73 | BG186: 2.18 | BH186: 1.74 | BI186: 2.12 | BJ186: 1.73 | BK186: 2.08 | BL186: 1.69 | BM186: 2.2 | BN186: 1.8 | BO186: -0.25 | BP186: 2.03 | BQ186: 1.83 | BR186: 2.06 | BS186: 1.85 | BT186: 2.03 | BU186: 1.83 | BV186: 1.99 | BW186: 1.78 | BX186: 2.12 | BY186: 1.86 | BZ186: 2.5 | CA186: 3.2 | CB186: 2.9 | CC186: 2.5 | CD186: 3.1 | CE186: 3 | CF186: 2.45 | CG186: 3.15 | CH186: 3 | CI186: 2.5 | CJ186: 3.2 | CK186: 2.9 | CL186: 2.45 | CM186: 3.1 | CN186: 3 | CO186: 2.45 | CP186: 3.1 | CQ186: 3 | CR186: 2.45 | CS186: 3.1 | CT186: 3 | CU186: 2.61 | CV186: 3.14 | CW186: 3.07 | CX186: 2.6 | CY186: 3.2 | CZ186: 3 | DA186: 2.49 | DB186: 3.09 | DC186: 2.97 | DD186: 2.66 | DE186: 3.2 | DF186: 3.15 | DG186: 2.2 | DH186: 1.67 | DI186: 2.4 | DJ186: 1.63 | DK186: 2.36 | DL186: 1.67 | DM186: 2.23 | DN186: 1.62 | DO186: 2.4 | DP186: 1.7 | DQ186: 0 | DR186: 1.78 | DS186: 2.1 | DT186: 1.81 | DU186: 2.14 | DV186: 1.78 | DW186: 2.1 | DX186: 1.75 | DY186: 2.03 | DZ186: 1.82 | EA186: 2.18
A187: SP1 | B187: 2026-01-10 | C187: 20:00:00.0000000000031950 | D187: Valencia | E187: Elche | F187: 1 | G187: 1 | H187: D | I187: 0 | J187: 0 | K187: D | L187: 16 | M187: 5 | N187: 4 | O187: 1 | P187: 14 | Q187: 14 | R187: 8 | S187: 6 | T187: 2 | U187: 3 | V187: 0 | W187: 0 | X187: 2.2 | Y187: 3.2 | Z187: 3.5 | AA187: 2.2 | AB187: 3.2 | AC187: 3.4 | AD187: 2.14 | AE187: 3.3 | AF187: 3.55 | AG187: 2.2 | AH187: 3.3 | AI187: 3.4 | AJ187: 2.2 | AK187: 3.2 | AL187: 3.4 | AM187: 2.2 | AN187: 3.2 | AO187: 3.4 | AP187: 2.2 | AQ187: 3.2 | AR187: 3.4 | AS187: 2.26 | AT187: 3.14 | AU187: 3.66 | AV187: 2.25 | AW187: 3.3 | AX187: 3.75 | AY187: 2.18 | AZ187: 3.18 | BA187: 3.48 | BB187: 2.28 | BC187: 3.3 | BD187: 3.75 | BE187: 2.1 | BF187: 1.73 | BG187: 2.17 | BH187: 1.75 | BI187: 2.18 | BJ187: 1.73 | BK187: 2.12 | BL187: 1.67 | BM187: 2.26 | BN187: 1.78 | BO187: -0.25 | BP187: 1.88 | BQ187: 1.98 | BR187: 1.93 | BS187: 1.98 | BT187: 1.88 | BU187: 1.98 | BV187: 1.83 | BW187: 1.94 | BX187: 1.95 | BY187: 2.03 | BZ187: 2 | CA187: 3.2 | CB187: 4.1 | CC187: 2.05 | CD187: 3.2 | CE187: 3.75 | CF187: 2.02 | CG187: 3.2 | CH187: 4.1 | CI187: 2 | CJ187: 3.2 | CK187: 4.2 | CL187: 2.1 | CM187: 3.2 | CN187: 3.8 | CO187: 2.1 | CP187: 3.2 | CQ187: 3.8 | CR187: 2.05 | CS187: 3.1 | CT187: 3.8 | CU187: 2.04 | CV187: 3.36 | CW187: 4.14 | CX187: 2.1 | CY187: 3.3 | CZ187: 4.2 | DA187: 2.02 | DB187: 3.19 | DC187: 3.95 | DD187: 2.08 | DE187: 3.45 | DF187: 4.2 | DG187: 2.3 | DH187: 1.62 | DI187: 2.33 | DJ187: 1.67 | DK187: 2.3 | DL187: 1.67 | DM187: 2.2 | DN187: 1.63 | DO187: 2.36 | DP187: 1.71 | DQ187: -0.5 | DR187: 2 | DS187: 1.85 | DT187: 2.05 | DU187: 1.88 | DV187: 2 | DW187: 1.85 | DX187: 1.97 | DY187: 1.78 | DZ187: 2.06 | EA187: 1.92
A188: SP1 | B188: 2026-01-11 | C188: 12:59:59.9999999999968050 | D188: Vallecano | E188: Mallorca | F188: 2 | G188: 1 | H188: H | I188: 2 | J188: 1 | K188: H | L188: 14 | M188: 9 | N188: 5 | O188: 2 | P188: 14 | Q188: 14 | R188: 6 | S188: 5 | T188: 1 | U188: 5 | V188: 1 | W188: 0 | X188: 1.91 | Y188: 3.3 | Z188: 4.33 | AA188: 1.9 | AB188: 3.25 | AC188: 4.33 | AD188: 1.86 | AE188: 3.25 | AF188: 4.75 | AG188: 1.87 | AH188: 3.13 | AI188: 4.2 | AJ188: 1.88 | AK188: 3.4 | AL188: 4.33 | AM188: 1.91 | AN188: 3.4 | AO188: 4.33 | AP188: 1.85 | AQ188: 3.4 | AR188: 4.33 | AS188: 1.93 | AT188: 3.24 | AU188: 4.78 | AV188: 1.91 | AW188: 3.4 | AX188: 4.75 | AY188: 1.88 | AZ188: 3.23 | BA188: 4.46 | BB188: 1.94 | BC188: 3.35 | BD188: 5.1 | BE188: 2.5 | BF188: 1.53 | BG188: 2.5 | BH188: 1.56 | BI188: 2.5 | BJ188: 1.57 | BK188: 2.4 | BL188: 1.53 | BM188: 2.54 | BN188: 1.6 | BO188: -0.5 | BP188: 1.93 | BQ188: 1.93 | BR188: 1.94 | BS188: 1.96 | BT188: 1.93 | BU188: 1.95 | BV188: 1.85 | BW188: 1.88 | BX188: 1.94 | BY188: 2.04 | BZ188: 1.9 | CA188: 3.2 | CB188: 4.75 | CC188: 1.9 | CD188: 3.2 | CE188: 4.5 | CF188: 1.88 | CG188: 3.2 | CH188: 4.7 | CI188: 1.87 | CJ188: 3.3 | CK188: 4.6 | CL188: 1.9 | CM188: 3.2 | CN188: 4.5 | CO188: 1.91 | CP188: 3.2 | CQ188: 4.5 | CR188: 1.91 | CS188: 3.1 | CT188: 4.5 | CU188: 1.93 | CV188: 3.25 | CW188: 4.93 | CX188: 1.91 | CY188: 3.3 | CZ188: 5 | DA188: 1.89 | DB188: 3.17 | DC188: 4.64 | DD188: 1.98 | DE188: 3.3 | DF188: 5.1 | DG188: 2.63 | DH188: 1.5 | DI188: 2.59 | DJ188: 1.53 | DK188: 2.63 | DL188: 1.53 | DM188: 2.5 | DN188: 1.5 | DO188: 2.72 | DP188: 1.56 | DQ188: -0.5 | DR188: 1.9 | DS188: 1.95 | DT188: 1.93 | DU188: 1.98 | DV188: 1.9 | DW188: 1.95 | DX188: 1.84 | DY188: 1.88 | DZ188: 1.98 | EA188: 2.01
A189: SP1 | B189: 2026-01-11 | C189: 15:14:59.9999999999968050 | D189: Levante | E189: Espanol | F189: 1 | G189: 1 | H189: D | I189: 0 | J189: 0 | K189: D | L189: 8 | M189: 19 | N189: 2 | O189: 3 | P189: 10 | Q189: 9 | R189: 4 | S189: 3 | T189: 0 | U189: 1 | V189: 0 | W189: 0 | X189: 3.1 | Y189: 3.3 | Z189: 2.35 | AA189: 3.1 | AB189: 3.2 | AC189: 2.38 | AD189: 3 | AE189: 3.45 | AF189: 2.33 | AG189: 2.9 | AH189: 3.2 | AI189: 2.3 | AJ189: 3.1 | AK189: 3.4 | AL189: 2.25 | AM189: 3.1 | AN189: 3.4 | AO189: 2.25 | AP189: 3.1 | AQ189: 3.4 | AR189: 2.25 | AS189: 3.16 | AT189: 3.29 | AU189: 2.42 | AV189: 3.15 | AW189: 3.45 | AX189: 2.4 | AY189: 3.05 | AZ189: 3.28 | BA189: 2.31 | BB189: 3.25 | BC189: 3.45 | BD189: 2.46 | BE189: 2 | BF189: 1.8 | BG189: 2.1 | BH189: 1.79 | BI189: 2.12 | BJ189: 1.8 | BK189: 2.04 | BL189: 1.73 | BM189: 2.14 | BN189: 1.83 | BO189: 0.25 | BP189: 1.83 | BQ189: 2.03 | BR189: 1.84 | BS189: 2.08 | BT189: 1.85 | BU189: 2.03 | BV189: 1.79 | BW189: 1.92 | BX189: 1.89 | BY189: 2.1 | BZ189: 3.2 | CA189: 3.3 | CB189: 2.25 | CC189: 3.1 | CD189: 3.2 | CE189: 2.38 | CF189: 3.15 | CG189: 3.35 | CH189: 2.3 | CI189: 3.25 | CJ189: 3.2 | CK189: 2.3 | CL189: 3.1 | CM189: 3.25 | CN189: 2.35 | CO189: 3.1 | CP189: 3.25 | CQ189: 2.37 | CR189: 3 | CS189: 3.25 | CT189: 2.37 | CU189: 3.22 | CV189: 3.31 | CW189: 2.41 | CX189: 3.25 | CY189: 3.35 | CZ189: 2.38 | DA189: 3.12 | DB189: 3.24 | DC189: 2.32 | DD189: 3.35 | DE189: 3.35 | DF189: 2.44 | DG189: 2 | DH189: 1.8 | DI189: 2.1 | DJ189: 1.81 | DK189: 2.1 | DL189: 1.8 | DM189: 2.01 | DN189: 1.76 | DO189: 2.16 | DP189: 1.85 | DQ189: 0.25 | DR189: 1.88 | DS189: 1.98 | DT189: 1.87 | DU189: 2.06 | DV189: 1.88 | DW189: 2 | DX189: 1.83 | DY189: 1.89 | DZ189: 1.92 | EA189: 2.08
A190: SP1 | B190: 2026-01-12 | C190: 20:00:00.0000000000031950 | D190: Sevilla | E190: Celta | F190: 0 | G190: 1 | H190: A | I190: 0 | J190: 0 | K190: D | L190: 7 | M190: 9 | N190: 2 | O190: 7 | P190: 16 | Q190: 16 | R190: 6 | S190: 1 | T190: 3 | U190: 3 | V190: 0 | W190: 0 | X190: 2.6 | Y190: 3.3 | Z190: 2.75 | AA190: 2.63 | AB190: 3.2 | AC190: 2.75 | AD190: 2.45 | AE190: 3.45 | AF190: 2.8 | AG190: 2.5 | AH190: 3.2 | AI190: 2.6 | AJ190: 2.6 | AK190: 3.25 | AL190: 2.7 | AM190: 2.6 | AN190: 3.3 | AO190: 2.7 | AP190: 2.6 | AQ190: 3.25 | AR190: 2.7 | AS190: 2.65 | AT190: 3.39 | AU190: 2.77 | AV190: 2.63 | AW190: 3.45 | AX190: 2.8 | AY190: 2.54 | AZ190: 3.27 | BA190: 2.71 | BB190: 2.74 | BC190: 3.35 | BD190: 2.82 | BE190: 2.03 | BF190: 1.83 | BG190: 2.04 | BH190: 1.86 | BI190: 2.03 | BJ190: 1.83 | BK190: 1.97 | BL190: 1.77 | BM190: 2.06 | BN190: 1.9 | BO190: 0 | BP190: 1.88 | BQ190: 1.98 | BR190: 1.91 | BS190: 2 | BT190: 1.88 | BU190: 1.98 | BV190: 1.83 | BW190: 1.92 | BX190: 1.94 | BY190: 2.02 | BZ190: 2.7 | CA190: 3.1 | CB190: 2.8 | CC190: 2.63 | CD190: 3.1 | CE190: 2.75 | CF190: 2.65 | CG190: 3 | CH190: 2.9 | CI190: 2.63 | CJ190: 3.2 | CK190: 2.75 | CL190: 2.65 | CM190: 3.1 | CN190: 2.8 | CO190: 2.62 | CP190: 3.1 | CQ190: 2.8 | CR190: 2.62 | CS190: 3.1 | CT190: 2.8 | CU190: 2.66 | CV190: 3.15 | CW190: 3 | CX190: 2.75 | CY190: 3.2 | CZ190: 2.9 | DA190: 2.66 | DB190: 3.05 | DC190: 2.81 | DD190: 2.82 | DE190: 3.15 | DF190: 2.98 | DG190: 2.3 | DH190: 1.62 | DI190: 2.34 | DJ190: 1.66 | DK190: 2.4 | DL190: 1.65 | DM190: 2.26 | DN190: 1.6 | DO190: 2.44 | DP190: 1.68 | DQ190: 0 | DR190: 1.88 | DS190: 1.98 | DT190: 1.85 | DU190: 2.09 | DV190: 1.88 | DW190: 1.98 | DX190: 1.84 | DY190: 1.92 | DZ190: 1.94 | EA190: 2.04
A191: SP1 | B191: 2026-01-16 | C191: 20:00:00.0000000000031950 | D191: Espanol | E191: Girona | F191: 0 | G191: 2 | H191: A | I191: 0 | J191: 1 | K191: A | L191: 14 | M191: 7 | N191: 2 | O191: 4 | P191: 17 | Q191: 17 | R191: 5 | S191: 4 | T191: 5 | U191: 5 | V191: 0 | W191: 0 | X191: 1.85 | Y191: 3.4 | Z191: 4.5 | AA191: 1.9 | AB191: 3.4 | AC191: 4.2 | AD191: 1.85 | AE191: 3.5 | AF191: 4.3 | AG191: 1.85 | AH191: 3.5 | AI191: 4.4 | AJ191: 1.9 | AK191: 3.5 | AL191: 4.1 | AM191: 1.91 | AN191: 3.5 | AO191: 4.2 | AP191: 1.91 | AQ191: 3.4 | AR191: 4 | AV191: 1.91 | AW191: 3.5 | AX191: 4.5 | AY191: 1.87 | AZ191: 3.43 | BA191: 4.26 | BB191: 1.94 | BC191: 3.65 | BD191: 4.7 | BE191: 2.1 | BF191: 1.73 | BI191: 2.1 | BJ191: 1.75 | BK191: 2.07 | BL191: 1.71 | BM191: 2.22 | BN191: 1.8 | BO191: -0.5 | BP191: 1.85 | BQ191: 2 | BT191: 1.9 | BU191: 2 | BV191: 1.83 | BW191: 1.9 | BX191: 1.94 | BY191: 2.05 | BZ191: 1.9 | CA191: 3.4 | CB191: 4.33 | CC191: 1.83 | CD191: 3.4 | CE191: 4.5 | CF191: 1.8 | CG191: 3.55 | CH191: 4.7 | CI191: 1.87 | CJ191: 3.5 | CK191: 4.33 | CL191: 1.85 | CM191: 3.4 | CN191: 4.4 | CO191: 1.85 | CP191: 3.4 | CQ191: 4.4 | CR191: 1.85 | CS191: 3.4 | CT191: 4.33 | CX191: 1.95 | CY191: 3.55 | CZ191: 4.7 | DA191: 1.85 | DB191: 3.41 | DC191: 4.4 | DD191: 1.94 | DE191: 3.6 | DF191: 4.7 | DG191: 2.2 | DH191: 1.67 | DK191: 2.2 | DL191: 1.74 | DM191: 2.11 | DN191: 1.69 | DO191: 2.28 | DP191: 1.75 | DQ191: -0.5 | DR191: 1.9 | DS191: 1.95 | DV191: 1.95 | DW191: 1.95 | DX191: 1.84 | DY191: 1.9 | DZ191: 1.94 | EA191: 2.05
A192: SP1 | B192: 2026-01-17 | C192: 12:59:59.9999999999968050 | D192: Real Madrid | E192: Levante | F192: 2 | G192: 0 | H192: H | I192: 0 | J192: 0 | K192: D | L192: 26 | M192: 10 | N192: 11 | O192: 0 | P192: 12 | Q192: 14 | R192: 8 | S192: 0 | T192: 2 | U192: 1 | V192: 0 | W192: 0 | X192: 1.17 | Y192: 8 | Z192: 15 | AA192: 1.14 | AB192: 8 | AC192: 15 | AD192: 1.15 | AE192: 8.5 | AF192: 15 | AG192: 1.14 | AH192: 8.5 | AI192: 17 | AJ192: 1.18 | AK192: 8.5 | AL192: 12.5 | AM192: 1.18 | AN192: 8.5 | AO192: 12 | AP192: 1.18 | AQ192: 8.5 | AR192: 12 | AV192: 1.18 | AW192: 9 | AX192: 17 | AY192: 1.16 | AZ192: 8.13 | BA192: 14.17 | BB192: 1.19 | BC192: 9.6 | BD192: 16.5 | BE192: 1.29 | BF192: 3.75 | BI192: 1.29 | BJ192: 3.75 | BK192: 1.27 | BL192: 3.52 | BM192: 1.32 | BN192: 3.95 | BO192: -2.25 | BP192: 1.93 | BQ192: 1.93 | BT192: 1.93 | BU192: 1.93 | BV192: 1.89 | BW192: 1.88 | BX192: 2.01 | BY192: 1.94 | BZ192: 1.13 | CA192: 9 | CB192: 15 | CC192: 1.14 | CD192: 8 | CE192: 17 | CF192: 1.14 | CG192: 9 | CH192: 17 | CI192: 1.13 | CJ192: 9 | CK192: 18 | CL192: 1.18 | CM192: 8.5 | CN192: 12.5 | CO192: 1.18 | CP192: 8.5 | CQ192: 12 | CR192: 1.18 | CS192: 8.5 | CT192: 12 | CX192: 1.18 | CY192: 9 | CZ192: 18 | DA192: 1.14 | DB192: 8.56 | DC192: 15.19 | DD192: 1.17 | DE192: 10 | DF192: 19 | DG192: 1.29 | DH192: 3.75 | DK192: 1.29 | DL192: 3.9 | DM192: 1.26 | DN192: 3.68 | DO192: 1.3 | DP192: 4.2 | DQ192: -2.5 | DR192: 2 | DS192: 1.85 | DV192: 2.05 | DW192: 1.85 | DX192: 1.98 | DY192: 1.77 | DZ192: 2.11 | EA192: 1.87
A193: SP1 | B193: 2026-01-17 | C193: 15:14:59.9999999999968050 | D193: Mallorca | E193: Ath Bilbao | F193: 3 | G193: 2 | H193: H | I193: 2 | J193: 2 | K193: D | L193: 18 | M193: 21 | N193: 9 | O193: 11 | P193: 10 | Q193: 10 | R193: 3 | S193: 7 | T193: 1 | U193: 5 | V193: 0 | W193: 2 | X193: 3.8 | Y193: 2.9 | Z193: 2.25 | AA193: 3.6 | AB193: 3 | AC193: 2.2 | AD193: 3.7 | AE193: 3.1 | AF193: 2.18 | AG193: 3.6 | AH193: 3.13 | AI193: 2.2 | AJ193: 3.5 | AK193: 3.1 | AL193: 2.25 | AM193: 3.5 | AN193: 3.1 | AO193: 2.25 | AP193: 3.5 | AQ193: 3.1 | AR193: 2.2 | AV193: 3.8 | AW193: 3.13 | AX193: 2.25 | AY193: 3.62 | AZ193: 3.04 | BA193: 2.2 | BB193: 3.9 | BC193: 3.1 | BD193: 2.3 | BE193: 2.5 | BF193: 1.53 | BI193: 2.55 | BJ193: 1.55 | BK193: 2.45 | BL193: 1.51 | BM193: 2.6 | BN193: 1.59 | BO193: 0.25 | BP193: 1.98 | BQ193: 1.88 | BT193: 1.98 | BU193: 1.88 | BV193: 1.94 | BW193: 1.84 | BX193: 2.03 | BY193: 1.93 | BZ193: 3.8 | CA193: 3 | CB193: 2.15 | CC193: 3.6 | CD193: 3.1 | CE193: 2.15 | CF193: 3.65 | CG193: 3.2 | CH193: 2.14 | CI193: 3.7 | CJ193: 3.1 | CK193: 2.15 | CL193: 3.6 | CM193: 3 | CN193: 2.2 | CO193: 3.6 | CP193: 3 | CQ193: 2.2 | CR193: 3.6 | CS193: 3 | CT193: 2.2 | CX193: 3.8 | CY193: 3.2 | CZ193: 2.2 | DA193: 3.64 | DB193: 3.09 | DC193: 2.15 | DD193: 3.9 | DE193: 3.25 | DF193: 2.28 | DG193: 2.38 | DH193: 1.57 | DK193: 2.38 | DL193: 1.62 | DM193: 2.29 | DN193: 1.58 | DO193: 2.52 | DP193: 1.64 | DQ193: 0.25 | DR193: 2.03 | DS193: 1.83 | DV193: 2.03 | DW193: 1.85 | DX193: 1.97 | DY193: 1.81 | DZ193: 2.06 | EA193: 1.92
A194: SP1 | B194: 2026-01-17 | C194: 17:29:59.9999999999968050 | D194: Osasuna | E194: Oviedo | F194: 3 | G194: 2 | H194: H | I194: 1 | J194: 1 | K194: D | L194: 16 | M194: 13 | N194: 5 | O194: 5 | P194: 14 | Q194: 15 | R194: 3 | S194: 6 | T194: 1 | U194: 4 | V194: 1 | W194: 0 | X194: 1.75 | Y194: 3.4 | Z194: 5.25 | AA194: 1.8 | AB194: 3.3 | AC194: 5 | AD194: 1.77 | AE194: 3.5 | AF194: 4.9 | AG194: 1.8 | AH194: 3.4 | AI194: 5 | AJ194: 1.8 | AK194: 3.4 | AL194: 4.8 | AM194: 1.8 | AN194: 3.4 | AO194: 4.8 | AP194: 1.8 | AQ194: 3.4 | AR194: 4.8 | AV194: 1.83 | AW194: 3.5 | AX194: 5.33 | AY194: 1.77 | AZ194: 3.39 | BA194: 4.99 | BB194: 1.87 | BC194: 3.5 | BD194: 5.5 | BE194: 2.38 | BF194: 1.57 | BI194: 2.4 | BJ194: 1.6 | BK194: 2.35 | BL194: 1.55 | BM194: 2.52 | BN194: 1.64 | BO194: -0.75 | BP194: 2.05 | BQ194: 1.8 | BT194: 2.05 | BU194: 1.86 | BV194: 2 | BW194: 1.79 | BX194: 2.16 | BY194: 1.84 | BZ194: 1.75 | CA194: 3.4 | CB194: 5 | CC194: 1.73 | CD194: 3.5 | CE194: 5 | CF194: 1.68 | CG194: 3.55 | CH194: 5.6 | CI194: 1.73 | CJ194: 3.6 | CK194: 5.25 | CL194: 1.78 | CM194: 3.4 | CN194: 5 | CO194: 1.8 | CP194: 3.4 | CQ194: 5 | CR194: 1.8 | CS194: 3.4 | CT194: 5 | CX194: 1.8 | CY194: 3.6 | CZ194: 5.6 | DA194: 1.73 | DB194: 3.48 | DC194: 5.22 | DD194: 1.79 | DE194: 3.65 | DF194: 5.9 | DG194: 2.3 | DH194: 1.62 | DK194: 2.3 | DL194: 1.67 | DM194: 2.23 | DN194: 1.62 | DO194: 2.38 | DP194: 1.71 | DQ194: -0.75 | DR194: 2.03 | DS194: 1.83 | DV194: 2.03 | DW194: 1.94 | DX194: 1.9 | DY194: 1.87 | DZ194: 2.03 | EA194: 1.95
A195: SP1 | B195: 2026-01-17 | C195: 20:00:00.0000000000031950 | D195: Betis | E195: Villarreal | F195: 2 | G195: 0 | H195: H | I195: 0 | J195: 0 | K195: D | L195: 15 | M195: 9 | N195: 6 | O195: 3 | P195: 14 | Q195: 13 | R195: 2 | S195: 3 | T195: 3 | U195: 2 | V195: 0 | W195: 1 | X195: 2.6 | Y195: 3.5 | Z195: 2.63 | AA195: 2.5 | AB195: 3.5 | AC195: 2.63 | AD195: 2.55 | AE195: 3.5 | AF195: 2.7 | AG195: 2.55 | AH195: 3.6 | AI195: 2.6 | AJ195: 2.5 | AK195: 3.6 | AL195: 2.6 | AM195: 2.5 | AN195: 3.6 | AO195: 2.62 | AP195: 2.5 | AQ195: 3.6 | AR195: 2.6 | AV195: 2.6 | AW195: 3.6 | AX195: 2.7 | AY195: 2.53 | AZ195: 3.51 | BA195: 2.63 | BB195: 2.7 | BC195: 3.6 | BD195: 2.76 | BE195: 1.67 | BF195: 2.2 | BI195: 1.67 | BJ195: 2.2 | BK195: 1.65 | BL195: 2.16 | BM195: 1.73 | BN195: 2.32 | BO195: 0 | BP195: 1.9 | BQ195: 1.95 | BT195: 1.9 | BU195: 1.95 | BV195: 1.85 | BW195: 1.91 | BX195: 1.96 | BY195: 2 | BZ195: 2.55 | CA195: 3.5 | CB195: 2.7 | CC195: 2.5 | CD195: 3.5 | CE195: 2.63 | CF195: 2.63 | CG195: 3.45 | CH195: 2.63 | CI195: 2.5 | CJ195: 3.6 | CK195: 2.63 | CL195: 2.55 | CM195: 3.4 | CN195: 2.65 | CO195: 2.6 | CP195: 3.4 | CQ195: 2.7 | CR195: 2.6 | CS195: 3.4 | CT195: 2.62 | CX195: 2.63 | CY195: 3.6 | CZ195: 2.7 | DA195: 2.55 | DB195: 3.45 | DC195: 2.64 | DD195: 2.7 | DE195: 3.6 | DF195: 2.8 | DG195: 1.73 | DH195: 2.1 | DK195: 1.73 | DL195: 2.2 | DM195: 1.67 | DN195: 2.13 | DO195: 1.77 | DP195: 2.28 | DQ195: 0 | DR195: 1.88 | DS195: 1.98 | DV195: 1.88 | DW195: 1.98 | DX195: 1.84 | DY195: 1.92 | DZ195: 1.95 | EA195: 2.03
A196: SP1 | B196: 2026-01-18 | C196: 12:59:59.9999999999968050 | D196: Getafe | E196: Valencia | F196: 0 | G196: 1 | H196: A | I196: 0 | J196: 0 | K196: D | L196: 14 | M196: 7 | N196: 3 | O196: 1 | P196: 8 | Q196: 18 | R196: 9 | S196: 3 | T196: 2 | U196: 3 | V196: 0 | W196: 1 | X196: 2.55 | Y196: 2.75 | Z196: 3.4 | AA196: 2.6 | AB196: 2.75 | AC196: 3.25 | AD196: 2.5 | AE196: 2.88 | AF196: 3.25 | AG196: 2.45 | AH196: 2.7 | AI196: 3.2 | AJ196: 2.5 | AK196: 2.85 | AL196: 3.2 | AM196: 2.5 | AN196: 2.87 | AO196: 3.2 | AP196: 2.5 | AQ196: 2.8 | AR196: 3.2 | AV196: 2.6 | AW196: 2.88 | AX196: 3.4 | AY196: 2.51 | AZ196: 2.77 | BA196: 3.26 | BB196: 2.62 | BC196: 2.84 | BD196: 3.65 | BE196: 3.4 | BF196: 1.33 | BI196: 3.4 | BJ196: 1.36 | BK196: 3.17 | BL196: 1.32 | BM196: 3.4 | BN196: 1.39 | BO196: -0.25 | BP196: 2.13 | BQ196: 1.75 | BT196: 2.13 | BU196: 1.75 | BV196: 2.06 | BW196: 1.73 | BX196: 2.16 | BY196: 1.83 | BZ196: 2.45 | CA196: 2.75 | CB196: 3.6 | CC196: 2.5 | CD196: 2.75 | CE196: 3.4 | CF196: 2.55 | CG196: 2.7 | CH196: 3.5 | CI196: 2.45 | CJ196: 2.88 | CK196: 3.3 | CL196: 2.45 | CM196: 2.7 | CN196: 3.5 | CO196: 2.5 | CP196: 2.75 | CQ196: 3.4 | CR196: 2.45 | CS196: 2.7 | CT196: 3.5 | CX196: 2.56 | CY196: 2.88 | CZ196: 3.6 | DA196: 2.47 | DB196: 2.73 | DC196: 3.44 | DD196: 2.62 | DE196: 2.82 | DF196: 3.7 | DG196: 3.2 | DH196: 1.36 | DK196: 3.3 | DL196: 1.36 | DM196: 3.16 | DN196: 1.33 | DO196: 3.5 | DP196: 1.38 | DQ196: -0.25 | DR196: 2.05 | DS196: 1.8 | DV196: 2.1 | DW196: 1.81 | DX196: 2.04 | DY196: 1.76 | DZ196: 2.16 | EA196: 1.85
A197: SP1 | B197: 2026-01-18 | C197: 15:14:59.9999999999968050 | D197: Ath Madrid | E197: Alaves | F197: 1 | G197: 0 | H197: H | I197: 0 | J197: 0 | K197: D | L197: 23 | M197: 8 | N197: 6 | O197: 0 | P197: 13 | Q197: 5 | R197: 6 | S197: 6 | T197: 1 | U197: 1 | V197: 0 | W197: 0 | X197: 1.3 | Y197: 5.25 | Z197: 10 | AA197: 1.29 | AB197: 5 | AC197: 12 | AD197: 1.28 | AE197: 5.5 | AF197: 11 | AG197: 1.29 | AH197: 4.75 | AI197: 9.5 | AJ197: 1.33 | AK197: 5.25 | AL197: 9.25 | AM197: 1.33 | AN197: 5.25 | AO197: 9 | AP197: 1.33 | AQ197: 5.25 | AR197: 9 | AV197: 1.33 | AW197: 5.5 | AX197: 12 | AY197: 1.3 | AZ197: 5.12 | BA197: 10.03 | BB197: 1.34 | BC197: 5.7 | BD197: 11.5 | BE197: 1.88 | BF197: 1.98 | BI197: 1.91 | BJ197: 1.98 | BK197: 1.82 | BL197: 1.91 | BM197: 1.91 | BN197: 2.04 | BO197: -1.5 | BP197: 1.98 | BQ197: 1.88 | BT197: 1.98 | BU197: 1.88 | BV197: 1.92 | BW197: 1.82 | BX197: 2.05 | BY197: 1.89 | BZ197: 1.38 | CA197: 4.75 | CB197: 8.5 | CC197: 1.33 | CD197: 4.6 | CE197: 10 | CF197: 1.34 | CG197: 4.9 | CH197: 9.5 | CI197: 1.36 | CJ197: 4.75 | CK197: 9.5 | CL197: 1.36 | CM197: 5 | CN197: 8 | CO197: 1.36 | CP197: 5 | CQ197: 8 | CR197: 1.36 | CS197: 4.8 | CT197: 8 | CX197: 1.4 | CY197: 5 | CZ197: 10 | DA197: 1.35 | DB197: 4.8 | DC197: 8.98 | DD197: 1.37 | DE197: 5.5 | DF197: 10.5 | DG197: 1.93 | DH197: 1.93 | DK197: 1.93 | DL197: 1.94 | DM197: 1.87 | DN197: 1.88 | DO197: 1.99 | DP197: 2 | DQ197: -1.25 | DR197: 1.9 | DS197: 1.95 | DV197: 1.9 | DW197: 2.05 | DX197: 1.8 | DY197: 1.98 | DZ197: 1.95 | EA197: 2.04
A198: SP1 | B198: 2026-01-18 | C198: 17:29:59.9999999999968050 | D198: Celta | E198: Vallecano | F198: 3 | G198: 0 | H198: H | I198: 1 | J198: 0 | K198: H | L198: 11 | M198: 14 | N198: 7 | O198: 3 | P198: 7 | Q198: 14 | R198: 5 | S198: 7 | T198: 4 | U198: 3 | V198: 0 | W198: 1 | X198: 2.05 | Y198: 3.2 | Z198: 4 | AA198: 2 | AB198: 3.25 | AC198: 4 | AD198: 2.06 | AE198: 3.2 | AF198: 3.9 | AG198: 1.95 | AH198: 3.2 | AI198: 3.7 | AJ198: 2.1 | AK198: 3.25 | AL198: 3.7 | AM198: 2.1 | AN198: 3.25 | AO198: 3.7 | AP198: 2.1 | AQ198: 3.2 | AR198: 3.6 | AV198: 2.1 | AW198: 3.25 | AX198: 4 | AY198: 2.03 | AZ198: 3.18 | BA198: 3.86 | BB198: 2.12 | BC198: 3.25 | BD198: 4.1 | BE198: 2.2 | BF198: 1.67 | BI198: 2.25 | BJ198: 1.67 | BK198: 2.2 | BL198: 1.63 | BM198: 2.34 | BN198: 1.71 | BO198: -0.5 | BP198: 2.03 | BQ198: 1.83 | BT198: 2.03 | BU198: 1.83 | BV198: 1.97 | BW198: 1.77 | BX198: 2.12 | BY198: 1.86 | BZ198: 1.9 | CA198: 3.3 | CB198: 4.75 | CC198: 1.91 | CD198: 3.3 | CE198: 4.2 | CF198: 1.89 | CG198: 3.3 | CH198: 4.5 | CI198: 1.9 | CJ198: 3.25 | CK198: 4.5 | CL198: 1.9 | CM198: 3.3 | CN198: 4.33 | CO198: 1.91 | CP198: 3.3 | CQ198: 4.33 | CR198: 1.91 | CS198: 3.3 | CT198: 4.2 | CX198: 1.92 | CY198: 3.35 | CZ198: 4.75 | DA198: 1.9 | DB198: 3.27 | DC198: 4.39 | DD198: 1.96 | DE198: 3.5 | DF198: 4.8 | DG198: 2.2 | DH198: 1.67 | DK198: 2.22 | DL198: 1.7 | DM198: 2.17 | DN198: 1.65 | DO198: 2.28 | DP198: 1.76 | DQ198: -0.5 | DR198: 1.88 | DS198: 1.98 | DV198: 1.91 | DW198: 1.98 | DX198: 1.85 | DY198: 1.87 | DZ198: 1.96 | EA198: 2.03
A199: SP1 | B199: 2026-01-18 | C199: 20:00:00.0000000000031950 | D199: Sociedad | E199: Barcelona | F199: 2 | G199: 1 | H199: H | I199: 1 | J199: 0 | K199: H | L199: 8 | M199: 25 | N199: 6 | O199: 9 | P199: 13 | Q199: 8 | R199: 6 | S199: 8 | T199: 3 | U199: 3 | V199: 1 | W199: 0 | X199: 5 | Y199: 4.5 | Z199: 1.55 | AA199: 5 | AB199: 4.5 | AC199: 1.57 | AD199: 4.9 | AE199: 4.7 | AF199: 1.57 | AG199: 5 | AH199: 4.4 | AI199: 1.5 | AJ199: 4.75 | AK199: 4.5 | AL199: 1.6 | AM199: 4.6 | AN199: 4.5 | AO199: 1.6 | AP199: 4.6 | AQ199: 4.5 | AR199: 1.6 | AV199: 5.33 | AW199: 4.75 | AX199: 1.6 | AY199: 4.93 | AZ199: 4.5 | BA199: 1.56 | BB199: 5.7 | BC199: 4.9 | BD199: 1.59 | BE199: 1.4 | BF199: 3 | BI199: 1.41 | BJ199: 3 | BK199: 1.39 | BL199: 2.85 | BM199: 1.44 | BN199: 3.15 | BO199: 1 | BP199: 1.98 | BQ199: 1.88 | BT199: 1.98 | BU199: 1.93 | BV199: 1.9 | BW199: 1.88 | BX199: 2.03 | BY199: 1.89 | BZ199: 4.5 | CA199: 4.33 | CB199: 1.65 | CC199: 4.6 | CD199: 4.33 | CE199: 1.62 | CF199: 5 | CG199: 4.5 | CH199: 1.58 | CI199: 4.8 | CJ199: 4.4 | CK199: 1.62 | CL199: 4.75 | CM199: 4.4 | CN199: 1.63 | CO199: 4.6 | CP199: 4.4 | CQ199: 1.61 | CR199: 4.6 | CS199: 4.33 | CT199: 1.61 | CX199: 5 | CY199: 4.5 | CZ199: 1.67 | DA199: 4.7 | DB199: 4.37 | DC199: 1.62 | DD199: 5.3 | DE199: 4.5 | DF199: 1.68 | DG199: 1.5 | DH199: 2.63 | DK199: 1.5 | DL199: 3 | DM199: 1.42 | DN199: 2.76 | DO199: 1.49 | DP199: 3 | DQ199: 1 | DR199: 1.75 | DS199: 2.05 | DV199: 1.87 | DW199: 2.05 | DX199: 1.81 | DY199: 1.97 | DZ199: 1.89 | EA199: 2.11
A200: SP1 | B200: 2026-01-19 | C200: 20:00:00.0000000000031950 | D200: Elche | E200: Sevilla | F200: 2 | G200: 2 | H200: D | I200: 1 | J200: 0 | K200: H | L200: 10 | M200: 25 | N200: 5 | O200: 8 | P200: 11 | Q200: 12 | R200: 9 | S200: 7 | T200: 3 | U200: 1 | V200: 0 | W200: 0 | X200: 2.25 | Y200: 3.3 | Z200: 3.25 | AA200: 2.25 | AB200: 3.2 | AC200: 3.3 | AD200: 2.25 | AE200: 3.4 | AF200: 3.2 | AG200: 2.2 | AH200: 3.13 | AI200: 3.1 | AJ200: 2.25 | AK200: 3.4 | AL200: 3.1 | AM200: 2.25 | AN200: 3.4 | AO200: 3.1 | AP200: 2.25 | AQ200: 3.4 | AR200: 3.1 | AV200: 2.3 | AW200: 3.4 | AX200: 3.3 | AY200: 2.23 | AZ200: 3.3 | BA200: 3.16 | BB200: 2.34 | BC200: 3.4 | BD200: 3.45 | BE200: 2.2 | BF200: 1.67 | BI200: 2.2 | BJ200: 1.73 | BK200: 2.11 | BL200: 1.68 | BM200: 2.28 | BN200: 1.76 | BO200: -0.25 | BP200: 1.98 | BQ200: 1.88 | BT200: 1.98 | BU200: 1.9 | BV200: 1.91 | BW200: 1.87 | BX200: 2 | BY200: 1.97 | BZ200: 2.38 | CA200: 3.1 | CB200: 3.25 | CC200: 2.4 | CD200: 3.1 | CE200: 3.1 | CF200: 2.45 | CG200: 3.1 | CH200: 3.1 | CI200: 2.38 | CJ200: 3.1 | CK200: 3.2 | CL200: 2.35 | CM200: 3 | CN200: 3.25 | CO200: 2.37 | CP200: 3 | CQ200: 3.25 | CR200: 2.37 | CS200: 3 | CT200: 3.25 | CX200: 2.45 | CY200: 3.1 | CZ200: 3.33 | DA200: 2.39 | DB200: 3.04 | DC200: 3.19 | DD200: 2.48 | DE200: 3.2 | DF200: 3.45 | DG200: 2.5 | DH200: 1.53 | DK200: 2.5 | DL200: 1.6 | DM200: 2.38 | DN200: 1.54 | DO200: 2.6 | DP200: 1.62 | DQ200: -0.25 | DR200: 2.03 | DS200: 1.83 | DV200: 2.07 | DW200: 1.83 | DX200: 2.01 | DY200: 1.78 | DZ200: 2.09 | EA200: 1.9
A201: SP1 | B201: 2026-01-23 | C201: 20:00:00.0000000000031950 | D201: Levante | E201: Elche | F201: 3 | G201: 2 | H201: H | I201: 0 | J201: 1 | K201: A | L201: 26 | M201: 6 | N201: 6 | O201: 3 | P201: 13 | Q201: 13 | R201: 9 | S201: 1 | T201: 2 | U201: 3 | V201: 0 | W201: 0 | X201: 2.2 | Y201: 3.3 | Z201: 3.2 | AA201: 2.25 | AB201: 3.25 | AC201: 3.2 | AD201: 2.28 | AE201: 3.2 | AF201: 3.3 | AG201: 2.25 | AH201: 3.2 | AI201: 3.4 | AJ201: 2.25 | AK201: 3.3 | AL201: 3.1 | AM201: 2.15 | AN201: 3.2 | AO201: 3 | AP201: 2.15 | AQ201: 3.2 | AR201: 3 | AV201: 2.3 | AW201: 3.33 | AX201: 3.4 | AY201: 2.23 | AZ201: 3.24 | BA201: 3.21 | BB201: 2.38 | BC201: 3.4 | BD201: 3.45 | BE201: 2.05 | BF201: 1.8 | BI201: 2.05 | BJ201: 1.8 | BK201: 1.98 | BL201: 1.78 | BM201: 2.12 | BN201: 1.86 | BO201: -0.25 | BP201: 1.95 | BQ201: 1.9 | BT201: 1.95 | BU201: 1.9 | BV201: 1.91 | BW201: 1.86 | BX201: 2.03 | BY201: 1.96 | BZ201: 2.2 | CA201: 3.3 | CB201: 3.25 | CC201: 2.25 | CD201: 3.3 | CE201: 3.2 | CF201: 2.23 | CG201: 3.3 | CH201: 3.3 | CI201: 2.2 | CJ201: 3.4 | CK201: 3.13 | CL201: 2.25 | CM201: 3.4 | CN201: 3.1 | CO201: 2.25 | CP201: 3.4 | CQ201: 3.1 | CR201: 2.25 | CS201: 3.4 | CT201: 3.1 | CX201: 2.3 | CY201: 3.4 | CZ201: 3.33 | DA201: 2.23 | DB201: 3.33 | DC201: 3.18 | DD201: 2.32 | DE201: 3.55 | DF201: 3.4 | DG201: 1.91 | DH201: 1.91 | DK201: 1.95 | DL201: 1.91 | DM201: 1.91 | DN201: 1.84 | DO201: 1.97 | DP201: 2 | DQ201: -0.25 | DR201: 1.93 | DS201: 1.93 | DV201: 1.95 | DW201: 1.93 | DX201: 1.9 | DY201: 1.88 | DZ201: 2.01 | EA201: 1.97
A202: SP1 | B202: 2026-01-24 | C202: 12:59:59.9999999999968050 | D202: Vallecano | E202: Osasuna | F202: 1 | G202: 3 | H202: A | I202: 0 | J202: 1 | K202: A | L202: 11 | M202: 14 | N202: 4 | O202: 5 | P202: 12 | Q202: 15 | R202: 4 | S202: 3 | T202: 2 | U202: 2 | V202: 0 | W202: 0 | X202: 2.15 | Y202: 3.25 | Z202: 3.6 | AA202: 2.05 | AB202: 3.1 | AC202: 4 | AD202: 2.1 | AE202: 3.2 | AF202: 3.8 | AG202: 2.15 | AH202: 3.2 | AI202: 3.6 | AJ202: 2.15 | AK202: 3.2 | AL202: 3.6 | AM202: 2.15 | AN202: 3.2 | AO202: 3.6 | AP202: 2.15 | AQ202: 3.2 | AR202: 3.5 | AV202: 2.2 | AW202: 3.25 | AX202: 4 | AY202: 2.13 | AZ202: 3.15 | BA202: 3.68 | BB202: 2.22 | BC202: 3.25 | BD202: 3.95 | BE202: 2.3 | BF202: 1.62 | BI202: 2.38 | BJ202: 1.62 | BK202: 2.32 | BL202: 1.56 | BM202: 2.48 | BN202: 1.65 | BO202: -0.25 | BP202: 1.83 | BQ202: 2.03 | BT202: 1.83 | BU202: 2.04 | BV202: 1.79 | BW202: 2 | BX202: 1.88 | BY202: 2.1 | BZ202: 2.2 | CA202: 3.1 | CB202: 3.5 | CC202: 2.25 | CD202: 3.1 | CE202: 3.4 | CF202: 2.25 | CG202: 3.1 | CH202: 3.5 | CI202: 2.2 | CJ202: 3.2 | CK202: 3.5 | CL202: 2.2 | CM202: 3.1 | CN202: 3.5 | CX202: 2.25 | CY202: 3.2 | CZ202: 3.6 | DA202: 2.22 | DB202: 3.09 | DC202: 3.49 | DD202: 2.32 | DE202: 3.2 | DF202: 3.75 | DG202: 2.3 | DH202: 1.62 | DK202: 2.42 | DL202: 1.62 | DM202: 2.34 | DN202: 1.57 | DO202: 2.5 | DP202: 1.66 | DQ202: -0.25 | DR202: 1.88 | DS202: 1.98 | DV202: 1.91 | DW202: 1.98 | DX202: 1.87 | DY202: 1.91 | DZ202: 1.94 | EA202: 2.05
A203: SP1 | B203: 2026-01-24 | C203: 15:14:59.9999999999968050 | D203: Valencia | E203: Espanol | F203: 3 | G203: 2 | H203: H | I203: 1 | J203: 0 | K203: H | L203: 10 | M203: 16 | N203: 5 | O203: 6 | P203: 13 | Q203: 10 | R203: 2 | S203: 7 | T203: 1 | U203: 5 | V203: 0 | W203: 0 | X203: 2.45 | Y203: 3.1 | Z203: 3.1 | AA203: 2.4 | AB203: 3.1 | AC203: 3.1 | AD203: 2.33 | AE203: 3.25 | AF203: 3.15 | AG203: 2.4 | AH203: 3.2 | AI203: 3.1 | AJ203: 2.4 | AK203: 3.2 | AL203: 3 | AV203: 2.45 | AW203: 3.25 | AX203: 3.15 | AY203: 2.39 | AZ203: 3.17 | BA203: 3.07 | BB203: 2.52 | BC203: 3.25 | BD203: 3.25 | BE203: 2.3 | BF203: 1.62 | BI203: 2.3 | BJ203: 1.65 | BK203: 2.23 | BL203: 1.61 | BM203: 2.4 | BN203: 1.68 | BO203: -0.25 | BP203: 2.1 | BQ203: 1.78 | BT203: 2.1 | BU203: 1.83 | BV203: 2 | BW203: 1.77 | BX203: 2.13 | BY203: 1.85 | BZ203: 2.4 | CA203: 3.2 | CB203: 3.1 | CC203: 2.4 | CD203: 3.1 | CE203: 3.1 | CF203: 2.43 | CG203: 3.1 | CH203: 3.15 | CI203: 2.38 | CJ203: 3.2 | CK203: 3.1 | CL203: 2.45 | CM203: 3.1 | CN203: 3.1 | CX203: 2.45 | CY203: 3.2 | CZ203: 3.25 | DA203: 2.39 | DB203: 3.11 | DC203: 3.13 | DD203: 2.52 | DE203: 3.25 | DF203: 3.3 | DG203: 2.3 | DH203: 1.62 | DK203: 2.33 | DL203: 1.62 | DM203: 2.27 | DN203: 1.6 | DO203: 2.44 | DP203: 1.67 | DQ203: -0.25 | DR203: 2.05 | DS203: 1.8 | DV203: 2.05 | DW203: 1.83 | DX203: 2.01 | DY203: 1.78 | DZ203: 2.13 | EA203: 1.86
A204: SP1 | B204: 2026-01-24 | C204: 17:29:59.9999999999968050 | D204: Sevilla | E204: Ath Bilbao | F204: 2 | G204: 1 | H204: H | I204: 1 | J204: 1 | K204: D | L204: 10 | M204: 15 | N204: 7 | O204: 3 | P204: 16 | Q204: 12 | R204: 5 | S204: 5 | T204: 2 | U204: 1 | V204: 0 | W204: 0 | X204: 2.88 | Y204: 3 | Z204: 2.63 | AA204: 2.88 | AB204: 3.1 | AC204: 2.6 | AD204: 3 | AE204: 3.05 | AF204: 2.55 | AG204: 2.8 | AH204: 3.2 | AI204: 2.6 | AJ204: 2.8 | AK204: 3.2 | AL204: 2.55 | AV204: 3 | AW204: 3.2 | AX204: 2.63 | AY204: 2.88 | AZ204: 3.07 | BA204: 2.58 | BB204: 3.05 | BC204: 3.15 | BD204: 2.76 | BE204: 2.3 | BF204: 1.62 | BI204: 2.3 | BJ204: 1.62 | BK204: 2.25 | BL204: 1.6 | BM204: 2.42 | BN204: 1.67 | BO204: 0 | BP204: 2 | BQ204: 1.85 | BT204: 2 | BU204: 1.85 | BV204: 1.96 | BW204: 1.79 | BX204: 2.1 | BY204: 1.88 | BZ204: 2.6 | CA204: 2.9 | CB204: 3 | CC204: 2.6 | CD204: 3 | CE204: 2.88 | CF204: 2.63 | CG204: 2.95 | CH204: 2.95 | CI204: 2.6 | CJ204: 3.1 | CK204: 2.88 | CL204: 2.65 | CM204: 2.95 | CN204: 2.9 | CX204: 2.65 | CY204: 3.1 | CZ204: 3 | DA204: 2.61 | DB204: 2.97 | DC204: 2.93 | DD204: 2.74 | DE204: 3.05 | DF204: 3.2 | DG204: 2.5 | DH204: 1.53 | DK204: 2.5 | DL204: 1.55 | DM204: 2.44 | DN204: 1.53 | DO204: 2.6 | DP204: 1.62 | DQ204: 0 | DR204: 1.83 | DS204: 2.03 | DV204: 1.83 | DW204: 2.03 | DX204: 1.8 | DY204: 1.97 | DZ204: 1.84 | EA204: 2.16
A205: SP1 | B205: 2026-01-24 | C205: 20:00:00.0000000000031950 | D205: Villarreal | E205: Real Madrid | F205: 0 | G205: 2 | H205: A | I205: 0 | J205: 0 | K205: D | L205: 8 | M205: 14 | N205: 1 | O205: 4 | P205: 19 | Q205: 10 | R205: 6 | S205: 6 | T205: 3 | U205: 1 | V205: 0 | W205: 0 | X205: 3.4 | Y205: 3.9 | Z205: 2 | AA205: 3.4 | AB205: 3.75 | AC205: 2 | AD205: 3.35 | AE205: 4 | AF205: 1.98 | AG205: 3.25 | AH205: 4 | AI205: 2 | AJ205: 3.3 | AK205: 3.8 | AL205: 2 | AV205: 3.4 | AW205: 4 | AX205: 2.05 | AY205: 3.32 | AZ205: 3.84 | BA205: 2 | BB205: 3.55 | BC205: 4 | BD205: 2.08 | BE205: 1.5 | BF205: 2.63 | BI205: 1.5 | BJ205: 2.7 | BK205: 1.46 | BL205: 2.62 | BM205: 1.52 | BN205: 2.84 | BO205: 0.5 | BP205: 1.83 | BQ205: 2.03 | BT205: 1.85 | BU205: 2.03 | BV205: 1.78 | BW205: 1.95 | BX205: 1.89 | BY205: 2.08 | BZ205: 3.75 | CA205: 4 | CB205: 1.85 | CC205: 3.6 | CD205: 4 | CE205: 1.9 | CF205: 4.1 | CG205: 4.1 | CH205: 1.77 | CI205: 3.6 | CJ205: 4.2 | CK205: 1.85 | CL205: 3.6 | CM205: 4 | CN205: 1.87 | CX205: 4.1 | CY205: 4.2 | CZ205: 1.9 | DA205: 3.74 | DB205: 4.05 | DC205: 1.84 | DD205: 4.1 | DE205: 4.2 | DF205: 1.91 | DG205: 1.44 | DH205: 2.75 | DK205: 1.44 | DL205: 3 | DM205: 1.4 | DN205: 2.81 | DO205: 1.46 | DP205: 3.15 | DQ205: 0.5 | DR205: 1.98 | DS205: 1.88 | DV205: 2 | DW205: 1.88 | DX205: 1.93 | DY205: 1.81 | DZ205: 2.08 | EA205: 1.91
A206: SP1 | B206: 2026-01-25 | C206: 12:59:59.9999999999968050 | D206: Ath Madrid | E206: Mallorca | F206: 3 | G206: 0 | H206: H | I206: 1 | J206: 0 | K206: H | L206: 17 | M206: 6 | N206: 8 | O206: 1 | P206: 10 | Q206: 7 | R206: 10 | S206: 3 | T206: 2 | U206: 1 | V206: 0 | W206: 0 | X206: 1.3 | Y206: 5.25 | Z206: 10 | AA206: 1.29 | AB206: 5 | AC206: 11 | AD206: 1.27 | AE206: 5.75 | AF206: 11 | AG206: 1.25 | AH206: 5 | AI206: 9.5 | AJ206: 1.3 | AK206: 5.75 | AL206: 9.25 | AV206: 1.3 | AW206: 5.75 | AX206: 11 | AY206: 1.28 | AZ206: 5.36 | BA206: 10 | BB206: 1.31 | BC206: 6 | BD206: 12 | BE206: 1.67 | BF206: 2.2 | BI206: 1.7 | BJ206: 2.2 | BK206: 1.66 | BL206: 2.15 | BM206: 1.74 | BN206: 2.3 | BO206: -1.5 | BP206: 1.93 | BQ206: 1.93 | BT206: 1.93 | BU206: 1.95 | BV206: 1.85 | BW206: 1.88 | BX206: 1.94 | BY206: 1.99 | BZ206: 1.3 | CA206: 5.25 | CB206: 9.5 | CC206: 1.3 | CD206: 5 | CE206: 10 | CF206: 1.33 | CG206: 5.2 | CH206: 9.5 | CI206: 1.3 | CJ206: 5.25 | CK206: 10.5 | CL206: 1.34 | CM206: 5.25 | CN206: 8.5 | CX206: 1.34 | CY206: 5.25 | CZ206: 10.5 | DA206: 1.32 | DB206: 5.06 | DC206: 9.62 | DD206: 1.35 | DE206: 5.5 | DF206: 12 | DG206: 1.73 | DH206: 2.1 | DK206: 1.8 | DL206: 2.1 | DM206: 1.73 | DN206: 2.05 | DO206: 1.83 | DP206: 2.18 | DQ206: -1.5 | DR206: 1.98 | DS206: 1.88 | DV206: 2 | DW206: 1.88 | DX206: 1.92 | DY206: 1.82 | DZ206: 2.07 | EA206: 1.93
A207: SP1 | B207: 2026-01-25 | C207: 15:14:59.9999999999968050 | D207: Barcelona | E207: Oviedo | F207: 3 | G207: 0 | H207: H | I207: 0 | J207: 0 | K207: D | L207: 15 | M207: 12 | N207: 7 | O207: 3 | P207: 8 | Q207: 21 | R207: 10 | S207: 1 | T207: 1 | U207: 2 | V207: 0 | W207: 0 | X207: 1.11 | Y207: 10 | Z207: 19 | AA207: 1.1 | AB207: 9.5 | AC207: 21 | AD207: 1.09 | AE207: 10.5 | AF207: 23 | AG207: 1.06 | AH207: 9.5 | AI207: 20 | AJ207: 1.13 | AK207: 9.75 | AL207: 17.5 | AV207: 1.13 | AW207: 11 | AX207: 25 | AY207: 1.09 | AZ207: 9.93 | BA207: 20.27 | BB207: 1.13 | BC207: 12 | BD207: 27 | BE207: 1.22 | BF207: 4.33 | BI207: 1.25 | BJ207: 4.33 | BK207: 1.22 | BL207: 4.02 | BM207: 1.26 | BN207: 4.6 | BO207: -2.75 | BP207: 2 | BQ207: 1.85 | BT207: 2.02 | BU207: 1.86 | BV207: 1.97 | BW207: 1.81 | BX207: 2.05 | BY207: 1.9 | BZ207: 1.11 | CA207: 10 | CB207: 19 | CC207: 1.13 | CD207: 8.5 | CE207: 17 | CF207: 1.11 | CG207: 10 | CH207: 20 | CI207: 1.11 | CJ207: 10 | CK207: 19 | CL207: 1.17 | CM207: 8.5 | CN207: 13.5 | CX207: 1.17 | CY207: 10 | CZ207: 20 | DA207: 1.12 | DB207: 9.35 | DC207: 17.46 | DD207: 1.15 | DE207: 11.5 | DF207: 20 | DG207: 1.25 | DH207: 4 | DK207: 1.26 | DL207: 4.2 | DM207: 1.24 | DN207: 3.92 | DO207: 1.28 | DP207: 4.4 | DQ207: -2.5 | DR207: 1.98 | DS207: 1.88 | DV207: 2 | DW207: 2 | DX207: 1.9 | DY207: 1.84 | DZ207: 2.06 | EA207: 1.92
A208: SP1 | B208: 2026-01-25 | C208: 17:29:59.9999999999968050 | D208: Sociedad | E208: Celta | F208: 3 | G208: 1 | H208: H | I208: 1 | J208: 0 | K208: H | L208: 10 | M208: 17 | N208: 4 | O208: 4 | P208: 7 | Q208: 13 | R208: 2 | S208: 9 | T208: 1 | U208: 1 | V208: 1 | W208: 0 | X208: 2 | Y208: 3.4 | Z208: 3.9 | AA208: 2.05 | AB208: 3.3 | AC208: 3.75 | AD208: 1.98 | AE208: 3.4 | AF208: 3.95 | AG208: 1.95 | AH208: 3.3 | AI208: 3.6 | AJ208: 2 | AK208: 3.4 | AL208: 3.75 | AV208: 2.05 | AW208: 3.5 | AX208: 3.95 | AY208: 1.99 | AZ208: 3.37 | BA208: 3.77 | BB208: 2.06 | BC208: 3.55 | BD208: 4.1 | BE208: 2.05 | BF208: 1.8 | BI208: 2.1 | BJ208: 1.8 | BK208: 2.01 | BL208: 1.75 | BM208: 2.1 | BN208: 1.87 | BO208: -0.5 | BP208: 2 | BQ208: 1.85 | BT208: 2 | BU208: 1.85 | BV208: 1.94 | BW208: 1.79 | BX208: 2.06 | BY208: 1.91 | BZ208: 2.15 | CA208: 3.3 | CB208: 3.5 | CC208: 2.1 | CD208: 3.3 | CE208: 3.5 | CF208: 2.12 | CG208: 3.25 | CH208: 3.65 | CI208: 2.15 | CJ208: 3.3 | CK208: 3.5 | CL208: 2.1 | CM208: 3.3 | CN208: 3.6 | CX208: 2.2 | CY208: 3.3 | CZ208: 3.66 | DA208: 2.12 | DB208: 3.26 | DC208: 3.54 | DD208: 2.24 | DE208: 3.4 | DF208: 3.8 | DG208: 2.1 | DH208: 1.73 | DK208: 2.12 | DL208: 1.73 | DM208: 2.07 | DN208: 1.72 | DO208: 2.2 | DP208: 1.81 | DQ208: -0.25 | DR208: 1.85 | DS208: 2 | DV208: 1.85 | DW208: 2 | DX208: 1.81 | DY208: 1.97 | DZ208: 1.91 | EA208: 2.08
A209: SP1 | B209: 2026-01-25 | C209: 20:00:00.0000000000031950 | D209: Alaves | E209: Betis | F209: 2 | G209: 1 | H209: H | I209: 1 | J209: 0 | K209: H | L209: 17 | M209: 18 | N209: 9 | O209: 4 | P209: 17 | Q209: 11 | R209: 6 | S209: 4 | T209: 1 | U209: 1 | V209: 0 | W209: 0 | X209: 2.75 | Y209: 3 | Z209: 2.7 | AA209: 2.88 | AB209: 3.1 | AC209: 2.6 | AD209: 2.9 | AE209: 3.1 | AF209: 2.55 | AG209: 2.63 | AH209: 3.1 | AI209: 2.55 | AJ209: 2.8 | AK209: 3.2 | AL209: 2.55 | AV209: 2.9 | AW209: 3.2 | AX209: 2.75 | AY209: 2.8 | AZ209: 3.05 | BA209: 2.61 | BB209: 2.94 | BC209: 3.15 | BD209: 2.82 | BE209: 2.3 | BF209: 1.62 | BI209: 2.3 | BJ209: 1.62 | BK209: 2.24 | BL209: 1.6 | BM209: 2.32 | BN209: 1.72 | BO209: 0 | BP209: 1.98 | BQ209: 1.88 | BT209: 2 | BU209: 1.88 | BV209: 1.93 | BW209: 1.82 | BX209: 2.01 | BY209: 1.95 | BZ209: 2.63 | CA209: 3 | CB209: 2.9 | CC209: 2.75 | CD209: 3 | CE209: 2.8 | CF209: 2.65 | CG209: 3 | CH209: 2.9 | CI209: 2.63 | CJ209: 2.9 | CK209: 3 | CL209: 2.65 | CM209: 3 | CN209: 2.9 | CX209: 2.75 | CY209: 3 | CZ209: 3 | DA209: 2.66 | DB209: 2.95 | DC209: 2.9 | DD209: 2.78 | DE209: 3.05 | DF209: 3.15 | DG209: 2.5 | DH209: 1.53 | DK209: 2.5 | DL209: 1.6 | DM209: 2.42 | DN209: 1.54 | DO209: 2.6 | DP209: 1.61 | DQ209: 0 | DR209: 1.8 | DS209: 2.05 | DV209: 1.85 | DW209: 2.05 | DX209: 1.79 | DY209: 1.98 | DZ209: 1.88 | EA209: 2.12
A210: SP1 | B210: 2026-01-26 | C210: 20:00:00.0000000000031950 | D210: Girona | E210: Getafe | F210: 1 | G210: 1 | H210: D | I210: 0 | J210: 0 | K210: D | L210: 12 | M210: 8 | N210: 4 | O210: 2 | P210: 13 | Q210: 15 | R210: 3 | S210: 4 | T210: 5 | U210: 3 | V210: 0 | W210: 0 | X210: 2.1 | Y210: 3 | Z210: 4.1 | AA210: 2.1 | AB210: 3 | AC210: 4 | AD210: 2.08 | AE210: 3 | AF210: 4.1 | AG210: 2.05 | AH210: 2.9 | AI210: 3.8 | AJ210: 2.1 | AK210: 3.1 | AL210: 3.8 | AV210: 2.1 | AW210: 3.2 | AX210: 4.2 | AY210: 2.08 | AZ210: 3.01 | BA210: 3.93 | BB210: 2.14 | BC210: 3.15 | BD210: 4.3 | BE210: 3 | BF210: 1.4 | BI210: 3 | BJ210: 1.44 | BK210: 2.76 | BL210: 1.41 | BM210: 3 | BN210: 1.48 | BO210: -0.5 | BP210: 2.08 | BQ210: 1.73 | BT210: 2.08 | BU210: 1.77 | BV210: 2.02 | BW210: 1.71 | BX210: 2.15 | BY210: 1.84 | BZ210: 2.15 | CA210: 3 | CB210: 3.8 | CC210: 2.15 | CD210: 3 | CE210: 3.75 | CF210: 2.23 | CG210: 2.85 | CH210: 4 | CI210: 2.15 | CJ210: 3 | CK210: 3.8 | CL210: 2.2 | CM210: 2.95 | CN210: 3.8 | CX210: 2.23 | CY210: 3 | CZ210: 4 | DA210: 2.16 | DB210: 2.95 | DC210: 3.87 | DD210: 2.26 | DE210: 3.05 | DF210: 4.3 | DG210: 2.75 | DH210: 1.44 | DK210: 3 | DL210: 1.44 | DM210: 2.77 | DN210: 1.42 | DO210: 3 | DP210: 1.49 | DQ210: -0.25 | DR210: 1.85 | DS210: 2 | DV210: 1.85 | DW210: 2 | DX210: 1.81 | DY210: 1.97 | DZ210: 1.9 | EA210: 2.08
A211: SP1 | B211: 2026-01-30 | C211: 20:00:00.0000000000031950 | D211: Espanol | E211: Alaves | F211: 1 | G211: 2 | H211: A | I211: 1 | J211: 1 | K211: D | L211: 10 | M211: 11 | N211: 3 | O211: 7 | P211: 15 | Q211: 15 | R211: 4 | S211: 2 | T211: 0 | U211: 1 | V211: 0 | W211: 0 | X211: 1.95 | Y211: 3 | Z211: 4.5 | AA211: 1.95 | AB211: 3.1 | AC211: 4.33 | AD211: 1.96 | AE211: 3.1 | AF211: 4.6 | AG211: 1.95 | AH211: 3.1 | AI211: 4.6 | AJ211: 1.95 | AK211: 3.1 | AL211: 4.4 | AM211: 1.95 | AN211: 3.1 | AO211: 4.4 | AP211: 1.95 | AQ211: 3.1 | AR211: 4.33 | AV211: 2 | AW211: 3.1 | AX211: 4.75 | AY211: 1.95 | AZ211: 3.07 | BA211: 4.47 | BB211: 2.02 | BC211: 3.25 | BD211: 4.9 | BE211: 2.63 | BF211: 1.5 | BI211: 2.63 | BJ211: 1.53 | BK211: 2.51 | BL211: 1.5 | BM211: 2.78 | BN211: 1.55 | BO211: -0.5 | BP211: 1.98 | BQ211: 1.88 | BT211: 1.98 | BU211: 1.9 | BV211: 1.9 | BW211: 1.83 | BX211: 2.04 | BY211: 1.94 | BZ211: 1.91 | CA211: 3 | CB211: 4.5 | CC211: 1.95 | CD211: 3.1 | CE211: 4.33 | CF211: 1.92 | CG211: 3.15 | CH211: 4.7 | CI211: 1.95 | CJ211: 3.1 | CK211: 4.6 | CL211: 1.95 | CM211: 3.1 | CN211: 4.4 | CX211: 2 | CY211: 3.15 | CZ211: 4.75 | DA211: 1.94 | DB211: 3.07 | DC211: 4.51 | DD211: 2.06 | DE211: 3.2 | DF211: 4.9 | DG211: 2.63 | DH211: 1.5 | DK211: 2.63 | DL211: 1.53 | DM211: 2.52 | DN211: 1.5 | DO211: 2.76 | DP211: 1.56 | DQ211: -0.5 | DR211: 2 | DS211: 1.85 | DV211: 2 | DW211: 1.9 | DX211: 1.9 | DY211: 1.83 | DZ211: 2.06 | EA211: 1.93
A212: SP1 | B212: 2026-01-31 | C212: 12:59:59.9999999999968050 | D212: Oviedo | E212: Girona | F212: 1 | G212: 0 | H212: H | I212: 0 | J212: 0 | K212: D | L212: 8 | M212: 9 | N212: 4 | O212: 1 | P212: 12 | Q212: 16 | R212: 4 | S212: 4 | T212: 1 | U212: 1 | V212: 0 | W212: 0 | X212: 2.75 | Y212: 3 | Z212: 2.75 | AA212: 2.63 | AB212: 3.1 | AC212: 2.75 | AD212: 2.63 | AE212: 3.15 | AF212: 2.85 | AG212: 2.7 | AH212: 3.2 | AI212: 2.7 | AJ212: 2.65 | AK212: 3.1 | AL212: 2.75 | AV212: 2.8 | AW212: 3.2 | AX212: 2.85 | AY212: 2.67 | AZ212: 3.08 | BA212: 2.77 | BB212: 2.9 | BC212: 3.15 | BD212: 2.88 | BE212: 2.3 | BF212: 1.62 | BI212: 2.3 | BJ212: 1.63 | BK212: 2.23 | BL212: 1.61 | BM212: 2.4 | BN212: 1.69 | BO212: 0 | BP212: 1.93 | BQ212: 1.93 | BT212: 1.93 | BU212: 1.95 | BV212: 1.87 | BW212: 1.89 | BX212: 2.01 | BY212: 1.97 | BZ212: 2.75 | CA212: 3 | CB212: 2.75 | CC212: 2.75 | CD212: 3.1 | CE212: 2.63 | CF212: 2.88 | CG212: 2.95 | CH212: 2.75 | CI212: 2.8 | CJ212: 3 | CK212: 2.75 | CL212: 2.75 | CM212: 3 | CN212: 2.75 | CX212: 2.88 | CY212: 3.1 | CZ212: 2.83 | DA212: 2.78 | DB212: 2.99 | DC212: 2.73 | DD212: 2.94 | DE212: 3.15 | DF212: 2.88 | DG212: 2.3 | DH212: 1.62 | DK212: 2.3 | DL212: 1.62 | DM212: 2.26 | DN212: 1.6 | DO212: 2.44 | DP212: 1.68 | DQ212: 0 | DR212: 1.93 | DS212: 1.93 | DV212: 1.95 | DW212: 1.93 | DX212: 1.9 | DY212: 1.86 | DZ212: 2.02 | EA212: 1.97
A213: SP1 | B213: 2026-01-31 | C213: 15:14:59.9999999999968050 | D213: Osasuna | E213: Villarreal | F213: 2 | G213: 2 | H213: D | I213: 2 | J213: 1 | K213: H | L213: 15 | M213: 5 | N213: 5 | O213: 4 | P213: 15 | Q213: 7 | R213: 6 | S213: 2 | T213: 2 | U213: 2 | V213: 0 | W213: 0 | X213: 2.75 | Y213: 3.3 | Z213: 2.55 | AA213: 2.75 | AB213: 3.3 | AC213: 2.5 | AD213: 2.75 | AE213: 3.4 | AF213: 2.5 | AG213: 2.7 | AH213: 3.4 | AI213: 2.55 | AJ213: 2.85 | AK213: 3.3 | AL213: 2.45 | AV213: 2.85 | AW213: 3.4 | AX213: 2.6 | AY213: 2.75 | AZ213: 3.31 | BA213: 2.53 | BB213: 2.9 | BC213: 3.4 | BD213: 2.7 | BE213: 1.91 | BF213: 1.91 | BI213: 1.92 | BJ213: 1.91 | BK213: 1.87 | BL213: 1.87 | BM213: 1.97 | BN213: 1.99 | BO213: 0 | BP213: 2 | BQ213: 1.85 | BT213: 2.05 | BU213: 1.85 | BV213: 1.96 | BW213: 1.8 | BX213: 2.07 | BY213: 1.92 | BZ213: 2.7 | CA213: 3.3 | CB213: 2.63 | CC213: 2.75 | CD213: 3.3 | CE213: 2.5 | CF213: 2.88 | CG213: 3.15 | CH213: 2.55 | CI213: 2.63 | CJ213: 3.5 | CK213: 2.6 | CL213: 2.7 | CM213: 3.3 | CN213: 2.55 | CO213: 2.7 | CP213: 3.3 | CQ213: 2.6 | CR213: 2.7 | CS213: 3.3 | CT213: 2.5 | CX213: 2.88 | CY213: 3.5 | CZ213: 2.63 | DA213: 2.73 | DB213: 3.28 | DC213: 2.56 | DD213: 2.86 | DE213: 3.45 | DF213: 2.74 | DG213: 1.88 | DH213: 1.98 | DK213: 1.92 | DL213: 1.98 | DM213: 1.87 | DN213: 1.88 | DO213: 1.96 | DP213: 2.02 | DQ213: 0 | DR213: 1.95 | DS213: 1.9 | DV213: 1.96 | DW213: 1.9 | DX213: 1.92 | DY213: 1.84 | DZ213: 2.04 | EA213: 1.95
A214: SP1 | B214: 2026-01-31 | C214: 17:29:59.9999999999968050 | D214: Levante | E214: Ath Madrid | F214: 0 | G214: 0 | H214: D | I214: 0 | J214: 0 | K214: D | L214: 10 | M214: 10 | N214: 2 | O214: 4 | P214: 11 | Q214: 12 | R214: 4 | S214: 7 | T214: 2 | U214: 1 | V214: 0 | W214: 0 | X214: 5.25 | Y214: 4 | Z214: 1.62 | AA214: 5.5 | AB214: 4 | AC214: 1.6 | AD214: 5.75 | AE214: 4.25 | AF214: 1.55 | AG214: 5.25 | AH214: 4.1 | AI214: 1.62 | AJ214: 5 | AK214: 4.1 | AL214: 1.63 | AV214: 5.75 | AW214: 4.25 | AX214: 1.63 | AY214: 5.25 | AZ214: 4.08 | BA214: 1.6 | BB214: 5.8 | BC214: 4.3 | BD214: 1.68 | BE214: 1.73 | BF214: 2.1 | BI214: 1.8 | BJ214: 2.1 | BK214: 1.74 | BL214: 2.02 | BM214: 1.82 | BN214: 2.16 | BO214: 1 | BP214: 1.75 | BQ214: 2.05 | BT214: 1.86 | BU214: 2.1 | BV214: 1.76 | BW214: 2.01 | BX214: 1.82 | BY214: 2.16 | BZ214: 5 | CA214: 3.8 | CB214: 1.73 | CC214: 5 | CD214: 3.75 | CE214: 1.7 | CF214: 4.9 | CG214: 4.1 | CH214: 1.66 | CI214: 5 | CJ214: 3.9 | CK214: 1.67 | CL214: 4.6 | CM214: 3.8 | CN214: 1.73 | CX214: 5 | CY214: 4.1 | CZ214: 1.73 | DA214: 4.87 | DB214: 3.82 | DC214: 1.69 | DD214: 5.3 | DE214: 4.1 | DF214: 1.75 | DG214: 1.8 | DH214: 2 | DK214: 1.88 | DL214: 2.1 | DM214: 1.76 | DN214: 2.02 | DO214: 1.85 | DP214: 2.16 | DQ214: 0.75 | DR214: 1.95 | DS214: 1.9 | DV214: 1.96 | DW214: 1.92 | DX214: 1.91 | DY214: 1.86 | DZ214: 2.02 | EA214: 1.95
A215: SP1 | B215: 2026-01-31 | C215: 20:00:00.0000000000031950 | D215: Elche | E215: Barcelona | F215: 1 | G215: 3 | H215: A | I215: 1 | J215: 2 | K215: A | L215: 9 | M215: 30 | N215: 3 | O215: 8 | P215: 15 | Q215: 9 | R215: 2 | S215: 8 | T215: 2 | U215: 1 | V215: 0 | W215: 0 | X215: 7.5 | Y215: 5.75 | Z215: 1.33 | AA215: 8 | AB215: 5.5 | AC215: 1.33 | AD215: 8 | AE215: 6 | AF215: 1.32 | AG215: 8.5 | AH215: 5.75 | AI215: 1.3 | AJ215: 7 | AK215: 5.5 | AL215: 1.37 | AV215: 8.5 | AW215: 6 | AX215: 1.37 | AY215: 7.55 | AZ215: 5.66 | BA215: 1.33 | BB215: 8.6 | BC215: 6.2 | BD215: 1.37 | BE215: 1.36 | BF215: 3.2 | BI215: 1.36 | BJ215: 3.25 | BK215: 1.33 | BL215: 3.15 | BM215: 1.38 | BN215: 3.5 | BO215: 1.5 | BP215: 1.98 | BQ215: 1.88 | BT215: 1.98 | BU215: 1.88 | BV215: 1.9 | BW215: 1.83 | BX215: 2.02 | BY215: 1.94 | BZ215: 8 | CA215: 6.25 | CB215: 1.3 | CC215: 9 | CD215: 6 | CE215: 1.29 | CF215: 9.5 | CG215: 6.75 | CH215: 1.26 | CI215: 9.5 | CJ215: 6.5 | CK215: 1.25 | CL215: 8.5 | CM215: 6.5 | CN215: 1.3 | CX215: 9.5 | CY215: 6.75 | CZ215: 1.3 | DA215: 8.62 | DB215: 6.26 | DC215: 1.28 | DD215: 10 | DE215: 6.6 | DF215: 1.31 | DG215: 1.33 | DH215: 3.4 | DK215: 1.33 | DL215: 3.6 | DM215: 1.31 | DN215: 3.36 | DO215: 1.35 | DP215: 3.8 | DQ215: 1.75 | DR215: 1.9 | DS215: 1.95 | DV215: 1.92 | DW215: 1.95 | DX215: 1.88 | DY215: 1.89 | DZ215: 1.96 | EA215: 2.02
A216: SP1 | B216: 2026-02-01 | C216: 12:59:59.9999999999968050 | D216: Real Madrid | E216: Vallecano | F216: 2 | G216: 1 | H216: H | I216: 1 | J216: 0 | K216: H | L216: 16 | M216: 11 | N216: 6 | O216: 4 | P216: 6 | Q216: 18 | R216: 9 | S216: 4 | T216: 2 | U216: 8 | V216: 0 | W216: 2 | X216: 1.25 | Y216: 6 | Z216: 12 | AA216: 1.25 | AB216: 6 | AC216: 11 | AD216: 1.26 | AE216: 6.25 | AF216: 10.5 | AG216: 1.22 | AH216: 5.75 | AI216: 10 | AJ216: 1.27 | AK216: 6 | AL216: 10 | AV216: 1.27 | AW216: 6.33 | AX216: 12 | AY216: 1.24 | AZ216: 5.96 | BA216: 10.69 | BB216: 1.28 | BC216: 6.6 | BD216: 13 | BE216: 1.44 | BF216: 2.75 | BI216: 1.5 | BJ216: 2.75 | BK216: 1.46 | BL216: 2.6 | BM216: 1.52 | BN216: 2.82 | BO216: -1.75 | BP216: 1.93 | BQ216: 1.93 | BT216: 1.98 | BU216: 1.95 | BV216: 1.91 | BW216: 1.87 | BX216: 1.96 | BY216: 1.98 | BZ216: 1.22 | CA216: 7 | CB216: 11 | CC216: 1.25 | CD216: 6 | CE216: 10 | CF216: 1.23 | CG216: 6.75 | CH216: 11.5 | CI216: 1.29 | CJ216: 6 | CK216: 9 | CL216: 1.28 | CM216: 6.5 | CN216: 8.5 | CX216: 1.3 | CY216: 7 | CZ216: 11.5 | DA216: 1.26 | DB216: 6.17 | DC216: 9.75 | DD216: 1.28 | DE216: 7 | DF216: 12.5 | DG216: 1.36 | DH216: 3.2 | DK216: 1.4 | DL216: 3.2 | DM216: 1.38 | DN216: 2.97 | DO216: 1.41 | DP216: 3.35 | DQ216: -1.75 | DR216: 2.03 | DS216: 1.78 | DV216: 2.03 | DW216: 1.97 | DX216: 1.91 | DY216: 1.86 | DZ216: 2 | EA216: 1.94
A217: SP1 | B217: 2026-02-01 | C217: 15:14:59.9999999999968050 | D217: Betis | E217: Valencia | F217: 2 | G217: 1 | H217: H | I217: 1 | J217: 1 | K217: D | L217: 14 | M217: 15 | N217: 2 | O217: 4 | P217: 15 | Q217: 13 | R217: 3 | S217: 5 | T217: 0 | U217: 4 | V217: 0 | W217: 0 | X217: 1.83 | Y217: 3.5 | Z217: 4.5 | AA217: 1.83 | AB217: 3.6 | AC217: 4.2 | AD217: 1.85 | AE217: 3.45 | AF217: 4.5 | AG217: 1.8 | AH217: 3.5 | AI217: 3.9 | AJ217: 1.82 | AK217: 3.6 | AL217: 4.33 | AV217: 1.87 | AW217: 3.6 | AX217: 4.5 | AY217: 1.83 | AZ217: 3.47 | BA217: 4.31 | BB217: 1.91 | BC217: 3.65 | BD217: 4.6 | BE217: 1.9 | BF217: 1.95 | BI217: 1.91 | BJ217: 1.95 | BK217: 1.86 | BL217: 1.88 | BM217: 1.98 | BN217: 2 | BO217: -0.5 | BP217: 1.85 | BQ217: 2 | BT217: 1.85 | BU217: 2 | BV217: 1.79 | BW217: 1.94 | BX217: 1.91 | BY217: 2.08 | BZ217: 1.8 | CA217: 3.4 | CB217: 5 | CC217: 1.8 | CD217: 3.5 | CE217: 4.33 | CF217: 1.82 | CG217: 3.55 | CH217: 4.5 | CI217: 1.8 | CJ217: 3.4 | CK217: 4.8 | CL217: 1.8 | CM217: 3.6 | CN217: 4.5 | CX217: 1.83 | CY217: 3.6 | CZ217: 5 | DA217: 1.81 | DB217: 3.48 | DC217: 4.54 | DD217: 1.85 | DE217: 3.75 | DF217: 5 | DG217: 2.1 | DH217: 1.73 | DK217: 2.1 | DL217: 1.91 | DM217: 1.93 | DN217: 1.83 | DO217: 2.06 | DP217: 1.91 | DQ217: -0.5 | DR217: 1.78 | DS217: 2.03 | DV217: 1.83 | DW217: 2.03 | DX217: 1.77 | DY217: 1.98 | DZ217: 1.86 | EA217: 2.15
A218: SP1 | B218: 2026-02-01 | C218: 17:29:59.9999999999968050 | D218: Getafe | E218: Celta | F218: 0 | G218: 0 | H218: D | I218: 0 | J218: 0 | K218: D | L218: 9 | M218: 5 | N218: 2 | O218: 1 | P218: 16 | Q218: 14 | R218: 5 | S218: 3 | T218: 1 | U218: 2 | V218: 0 | W218: 0 | X218: 2.8 | Y218: 2.9 | Z218: 2.8 | AA218: 2.8 | AB218: 2.88 | AC218: 2.8 | AD218: 3 | AE218: 2.88 | AF218: 2.7 | AG218: 2.7 | AH218: 2.8 | AI218: 2.7 | AJ218: 2.8 | AK218: 2.85 | AL218: 2.8 | AM218: 2.8 | AN218: 2.87 | AO218: 2.8 | AP218: 2.8 | AQ218: 2.87 | AR218: 2.8 | AV218: 3 | AW218: 2.9 | AX218: 2.83 | AY218: 2.82 | AZ218: 2.85 | BA218: 2.76 | BB218: 3 | BC218: 2.98 | BD218: 2.96 | BE218: 3 | BF218: 1.4 | BI218: 3 | BJ218: 1.44 | BK218: 2.86 | BL218: 1.39 | BM218: 3.15 | BN218: 1.45 | BO218: 0 | BP218: 1.93 | BQ218: 1.93 | BT218: 1.93 | BU218: 1.93 | BV218: 1.88 | BW218: 1.88 | BX218: 2 | BY218: 1.97 | BZ218: 2.88 | CA218: 2.9 | CB218: 2.88 | CC218: 2.88 | CD218: 2.8 | CE218: 2.8 | CF218: 2.95 | CG218: 2.85 | CH218: 2.75 | CI218: 2.88 | CJ218: 2.9 | CK218: 2.75 | CL218: 2.85 | CM218: 2.8 | CN218: 2.87 | CX218: 3 | CY218: 2.9 | CZ218: 2.88 | DA218: 2.9 | DB218: 2.81 | DC218: 2.8 | DD218: 3.05 | DE218: 2.9 | DF218: 3 | DG218: 3 | DH218: 1.4 | DK218: 3 | DL218: 1.4 | DM218: 2.95 | DN218: 1.38 | DO218: 3.15 | DP218: 1.44 | DQ218: 0 | DR218: 1.93 | DS218: 1.93 | DV218: 1.95 | DW218: 1.93 | DX218: 1.91 | DY218: 1.85 | DZ218: 2 | EA218: 1.98
A219: SP1 | B219: 2026-02-01 | C219: 20:00:00.0000000000031950 | D219: Ath Bilbao | E219: Sociedad | F219: 1 | G219: 1 | H219: D | I219: 0 | J219: 1 | K219: A | L219: 19 | M219: 9 | N219: 4 | O219: 6 | P219: 14 | Q219: 14 | R219: 6 | S219: 3 | T219: 4 | U219: 2 | V219: 0 | W219: 1 | X219: 2.3 | Y219: 3.1 | Z219: 3.4 | AA219: 2.25 | AB219: 3.2 | AC219: 3.3 | AD219: 2.28 | AE219: 3.1 | AF219: 3.5 | AG219: 2.2 | AH219: 3.13 | AI219: 3.13 | AJ219: 2.25 | AK219: 3.2 | AL219: 3.25 | AV219: 2.3 | AW219: 3.2 | AX219: 3.5 | AY219: 2.24 | AZ219: 3.1 | BA219: 3.33 | BB219: 2.44 | BC219: 3.15 | BD219: 3.6 | BE219: 2.2 | BF219: 1.67 | BI219: 2.2 | BJ219: 1.67 | BK219: 2.19 | BL219: 1.64 | BM219: 2.32 | BN219: 1.72 | BO219: -0.25 | BP219: 1.85 | BQ219: 2 | BT219: 1.92 | BU219: 2 | BV219: 1.89 | BW219: 1.88 | BX219: 2.05 | BY219: 1.94 | BZ219: 2.25 | CA219: 3.1 | CB219: 3.5 | CC219: 2.2 | CD219: 3.2 | CE219: 3.4 | CF219: 2.2 | CG219: 3.1 | CH219: 3.6 | CI219: 2.25 | CJ219: 3.13 | CK219: 3.5 | CL219: 2.2 | CM219: 3.1 | CN219: 3.6 | CO219: 2.2 | CP219: 3.1 | CQ219: 3.6 | CR219: 2.2 | CS219: 3.1 | CT219: 3.6 | CX219: 2.25 | CY219: 3.2 | CZ219: 3.6 | DA219: 2.21 | DB219: 3.1 | DC219: 3.52 | DD219: 2.34 | DE219: 3.25 | DF219: 3.7 | DG219: 2.2 | DH219: 1.67 | DK219: 2.2 | DL219: 1.7 | DM219: 2.17 | DN219: 1.65 | DO219: 2.3 | DP219: 1.75 | DQ219: -0.25 | DR219: 1.85 | DS219: 2 | DV219: 1.87 | DW219: 2 | DX219: 1.85 | DY219: 1.92 | DZ219: 1.98 | EA219: 2.01
A220: SP1 | B220: 2026-02-02 | C220: 20:00:00.0000000000031950 | D220: Mallorca | E220: Sevilla | F220: 4 | G220: 1 | H220: H | I220: 1 | J220: 1 | K220: D | L220: 11 | M220: 15 | N220: 7 | O220: 5 | P220: 16 | Q220: 8 | R220: 4 | S220: 8 | T220: 1 | U220: 1 | V220: 0 | W220: 0 | X220: 2.4 | Y220: 3.2 | Z220: 3.1 | AA220: 2.4 | AB220: 3.1 | AC220: 3.1 | AD220: 2.5 | AE220: 3.15 | AF220: 3 | AG220: 2.3 | AH220: 3.1 | AI220: 3 | AJ220: 2.5 | AK220: 3.2 | AL220: 2.9 | AV220: 2.5 | AW220: 3.2 | AX220: 3.14 | AY220: 2.39 | AZ220: 3.12 | BA220: 3.05 | BB220: 2.48 | BC220: 3.25 | BD220: 3.25 | BE220: 2.2 | BF220: 1.67 | BI220: 2.25 | BJ220: 1.67 | BK220: 2.2 | BL220: 1.63 | BM220: 2.32 | BN220: 1.7 | BO220: -0.25 | BP220: 2.05 | BQ220: 1.8 | BT220: 2.1 | BU220: 1.83 | BV220: 2.01 | BW220: 1.76 | BX220: 2.1 | BY220: 1.85 | BZ220: 2.7 | CA220: 3 | CB220: 2.88 | CC220: 2.63 | CD220: 3 | CE220: 2.88 | CF220: 2.7 | CG220: 3.1 | CH220: 2.8 | CI220: 2.63 | CJ220: 3.1 | CK220: 2.8 | CL220: 2.6 | CM220: 3 | CN220: 2.9 | CX220: 2.71 | CY220: 3.1 | CZ220: 2.9 | DA220: 2.65 | DB220: 3.01 | DC220: 2.84 | DD220: 2.78 | DE220: 3.15 | DF220: 3.05 | DG220: 2.3 | DH220: 1.62 | DK220: 2.5 | DL220: 1.62 | DM220: 2.36 | DN220: 1.56 | DO220: 2.48 | DP220: 1.66 | DQ220: 0 | DR220: 1.83 | DS220: 2.03 | DV220: 1.85 | DW220: 2.03 | DX220: 1.81 | DY220: 1.95 | DZ220: 1.89 | EA220: 2.09
A221: SP1 | B221: 2026-02-06 | C221: 20:00:00.0000000000031950 | D221: Celta | E221: Osasuna | F221: 1 | G221: 2 | H221: A | I221: 0 | J221: 1 | K221: A | L221: 18 | M221: 8 | N221: 4 | O221: 2 | P221: 9 | Q221: 14 | R221: 7 | S221: 3 | T221: 2 | U221: 2 | V221: 0 | W221: 0 | X221: 1.95 | Y221: 3.3 | Z221: 4.1 | AA221: 1.95 | AB221: 3.3 | AC221: 4 | AD221: 2 | AE221: 3.2 | AF221: 4.2 | AG221: 2 | AH221: 3.3 | AI221: 4 | AJ221: 1.95 | AK221: 3.3 | AL221: 4.1 | AV221: 2 | AW221: 3.33 | AX221: 4.2 | AY221: 1.97 | AZ221: 3.27 | BA221: 4.06 | BB221: 2.04 | BC221: 3.45 | BD221: 4.4 | BE221: 2.2 | BF221: 1.67 | BI221: 2.25 | BJ221: 1.67 | BK221: 2.19 | BL221: 1.65 | BM221: 2.34 | BN221: 1.72 | BO221: -0.5 | BP221: 2 | BQ221: 1.85 | BT221: 2 | BU221: 1.85 | BV221: 1.92 | BW221: 1.81 | BX221: 2.04 | BY221: 1.94 | BZ221: 2.1 | CA221: 3.3 | CB221: 3.7 | CC221: 2.05 | CD221: 3.3 | CE221: 3.75 | CF221: 2.04 | CG221: 3.2 | CH221: 4 | CI221: 2.05 | CJ221: 3.4 | CK221: 3.7 | CL221: 2.05 | CM221: 3.3 | CN221: 3.8 | CX221: 2.1 | CY221: 3.4 | CZ221: 4 | DA221: 2.05 | DB221: 3.24 | DC221: 3.8 | DD221: 2.16 | DE221: 3.3 | DF221: 4.2 | DG221: 2.1 | DH221: 1.73 | DK221: 2.15 | DL221: 1.73 | DM221: 2.1 | DN221: 1.7 | DO221: 2.26 | DP221: 1.77 | DQ221: -0.5 | DR221: 2.08 | DS221: 1.73 | DV221: 2.08 | DW221: 1.83 | DX221: 1.99 | DY221: 1.75 | DZ221: 2.14 | EA221: 1.85
A222: SP1 | B222: 2026-02-07 | C222: 15:14:59.9999999999968050 | D222: Barcelona | E222: Mallorca | F222: 3 | G222: 0 | H222: H | I222: 1 | J222: 0 | K222: H | L222: 24 | M222: 9 | N222: 7 | O222: 4 | P222: 7 | Q222: 9 | R222: 12 | S222: 3 | T222: 0 | U222: 0 | V222: 0 | W222: 0 | X222: 1.14 | Y222: 9 | Z222: 15 | AA222: 1.17 | AB222: 7.5 | AC222: 15 | AD222: 1.13 | AE222: 9 | AF222: 19 | AG222: 1.15 | AH222: 8 | AI222: 15 | AJ222: 1.17 | AK222: 8.25 | AL222: 12.5 | AV222: 1.17 | AW222: 9 | AX222: 19 | AY222: 1.15 | AZ222: 8.3 | BA222: 14.69 | BB222: 1.17 | BC222: 9.8 | BD222: 19.5 | BE222: 1.25 | BF222: 4 | BI222: 1.29 | BJ222: 4 | BK222: 1.25 | BL222: 3.72 | BM222: 1.29 | BN222: 4.2 | BO222: -2.25 | BP222: 1.88 | BQ222: 1.98 | BT222: 1.9 | BU222: 2.02 | BV222: 1.84 | BW222: 1.92 | BX222: 1.96 | BY222: 2.02 | BZ222: 1.14 | CA222: 8.5 | CB222: 13 | CC222: 1.14 | CD222: 8 | CE222: 15 | CF222: 1.12 | CG222: 9 | CH222: 20 | CI222: 1.13 | CJ222: 9 | CK222: 17 | CL222: 1.17 | CM222: 8.25 | CN222: 12.5 | CX222: 1.17 | CY222: 9 | CZ222: 20 | DA222: 1.14 | DB222: 8.4 | DC222: 15.31 | DD222: 1.17 | DE222: 10 | DF222: 20 | DG222: 1.29 | DH222: 3.75 | DK222: 1.29 | DL222: 3.9 | DM222: 1.27 | DN222: 3.6 | DO222: 1.31 | DP222: 4 | DQ222: -2.25 | DR222: 1.95 | DS222: 1.9 | DV222: 1.95 | DW222: 2 | DX222: 1.84 | DY222: 1.93 | DZ222: 1.98 | EA222: 2
A223: SP1 | B223: 2026-02-07 | C223: 20:00:00.0000000000031950 | D223: Sociedad | E223: Elche | F223: 3 | G223: 1 | H223: H | I223: 2 | J223: 1 | K223: H | L223: 11 | M223: 11 | N223: 3 | O223: 5 | P223: 14 | Q223: 8 | R223: 2 | S223: 4 | T223: 0 | U223: 4 | V223: 0 | W223: 0 | X223: 1.67 | Y223: 4 | Z223: 5 | AA223: 1.62 | AB223: 4 | AC223: 5 | AD223: 1.62 | AE223: 3.95 | AF223: 5.4 | AG223: 1.65 | AH223: 3.9 | AI223: 5.25 | AJ223: 1.66 | AK223: 3.9 | AL223: 5 | AV223: 1.7 | AW223: 4.2 | AX223: 5.4 | AY223: 1.64 | AZ223: 3.97 | BA223: 5.04 | BB223: 1.71 | BC223: 4.2 | BD223: 5.6 | BE223: 1.8 | BF223: 2 | BI223: 1.83 | BJ223: 2 | BK223: 1.8 | BL223: 1.94 | BM223: 1.9 | BN223: 2.08 | BO223: -0.75 | BP223: 1.85 | BQ223: 2 | BT223: 1.85 | BU223: 2.02 | BV223: 1.79 | BW223: 1.98 | BX223: 1.9 | BY223: 2.08 | BZ223: 1.65 | CA223: 4.1 | CB223: 5 | CC223: 1.62 | CD223: 4 | CE223: 5 | CF223: 1.6 | CG223: 4.1 | CH223: 5.5 | CI223: 1.62 | CJ223: 4.1 | CK223: 5.25 | CL223: 1.65 | CM223: 4 | CN223: 5 | CX223: 1.67 | CY223: 4.2 | CZ223: 5.5 | DA223: 1.62 | DB223: 4.02 | DC223: 5.14 | DD223: 1.68 | DE223: 4.1 | DF223: 6 | DG223: 1.8 | DH223: 2 | DK223: 1.8 | DL223: 2.05 | DM223: 1.76 | DN223: 2.01 | DO223: 1.85 | DP223: 2.16 | DQ223: -0.75 | DR223: 1.8 | DS223: 2.05 | DV223: 1.83 | DW223: 2.06 | DX223: 1.77 | DY223: 2.02 | DZ223: 1.87 | EA223: 2.12
A224: SP1 | B224: 2026-02-08 | C224: 12:59:59.9999999999968050 | D224: Alaves | E224: Getafe | F224: 0 | G224: 2 | H224: A | I224: 0 | J224: 0 | K224: D | L224: 13 | M224: 17 | N224: 5 | O224: 5 | P224: 20 | Q224: 20 | R224: 6 | S224: 3 | T224: 2 | U224: 5 | V224: 0 | W224: 0 | X224: 2.3 | Y224: 2.8 | Z224: 3.9 | AA224: 2.3 | AB224: 2.8 | AC224: 3.75 | AD224: 2.25 | AE224: 2.88 | AF224: 3.85 | AG224: 2.25 | AH224: 2.7 | AI224: 3.6 | AJ224: 2.35 | AK224: 2.85 | AL224: 3.6 | AV224: 2.38 | AW224: 2.88 | AX224: 3.9 | AY224: 2.3 | AZ224: 2.78 | BA224: 3.69 | BB224: 2.46 | BC224: 2.9 | BD224: 4 | BE224: 3.5 | BF224: 1.3 | BI224: 3.5 | BJ224: 1.33 | BK224: 3.34 | BL224: 1.3 | BM224: 3.65 | BN224: 1.35 | BO224: -0.25 | BP224: 1.93 | BQ224: 1.93 | BT224: 1.95 | BU224: 1.93 | BV224: 1.89 | BW224: 1.88 | BX224: 2.04 | BY224: 1.95 | BZ224: 2.45 | CA224: 2.63 | CB224: 3.8 | CC224: 2.3 | CD224: 2.75 | CE224: 3.75 | CF224: 2.38 | CG224: 2.7 | CH224: 3.9 | CI224: 2.4 | CJ224: 2.7 | CK224: 3.75 | CL224: 2.35 | CM224: 2.65 | CN224: 3.9 | CX224: 2.45 | CY224: 2.75 | CZ224: 3.9 | DA224: 2.38 | DB224: 2.67 | DC224: 3.78 | DD224: 2.5 | DE224: 2.74 | DF224: 4.2 | DG224: 3.75 | DH224: 1.29 | DK224: 3.9 | DL224: 1.29 | DM224: 3.72 | DN224: 1.26 | DO224: 4 | DP224: 1.32 | DQ224: -0.25 | DR224: 2 | DS224: 1.85 | DV224: 2 | DW224: 1.86 | DX224: 1.94 | DY224: 1.83 | DZ224: 2.02 | EA224: 1.95
A225: SP1 | B225: 2026-02-08 | C225: 15:14:59.9999999999968050 | D225: Ath Bilbao | E225: Levante | F225: 4 | G225: 2 | H225: H | I225: 2 | J225: 0 | K225: H | L225: 22 | M225: 6 | N225: 7 | O225: 3 | P225: 17 | Q225: 10 | R225: 4 | S225: 3 | T225: 2 | U225: 1 | V225: 0 | W225: 1 | X225: 1.62 | Y225: 3.9 | Z225: 6 | AA225: 1.62 | AB225: 3.75 | AC225: 5.5 | AD225: 1.62 | AE225: 3.85 | AF225: 5.75 | AG225: 1.57 | AH225: 3.7 | AI225: 5.25 | AJ225: 1.62 | AK225: 3.8 | AL225: 5.75 | AV225: 1.62 | AW225: 4 | AX225: 6 | AY225: 1.61 | AZ225: 3.8 | BA225: 5.52 | BB225: 1.65 | BC225: 4 | BD225: 6.2 | BE225: 2 | BF225: 1.85 | BI225: 2 | BJ225: 1.85 | BK225: 1.94 | BL225: 1.8 | BM225: 2.06 | BN225: 1.9 | BO225: -0.75 | BP225: 1.73 | BQ225: 2.08 | BT225: 1.83 | BU225: 2.08 | BV225: 1.76 | BW225: 2 | BX225: 1.84 | BY225: 2.15 | BZ225: 1.6 | CA225: 4 | CB225: 5.75 | CC225: 1.62 | CD225: 3.75 | CE225: 5.5 | CF225: 1.58 | CG225: 3.85 | CH225: 6.1 | CI225: 1.6 | CJ225: 4 | CK225: 5.5 | CL225: 1.61 | CM225: 4 | CN225: 5.5 | CX225: 1.68 | CY225: 4 | CZ225: 6.1 | DA225: 1.61 | DB225: 3.87 | DC225: 5.54 | DD225: 1.67 | DE225: 4 | DF225: 6.4 | DG225: 1.9 | DH225: 1.95 | DK225: 1.91 | DL225: 1.95 | DM225: 1.88 | DN225: 1.87 | DO225: 1.96 | DP225: 2.02 | DQ225: -0.75 | DR225: 1.73 | DS225: 2.08 | DV225: 1.83 | DW225: 2.08 | DX225: 1.76 | DY225: 2.03 | DZ225: 1.85 | EA225: 2.15
A226: SP1 | B226: 2026-02-08 | C226: 15:14:59.9999999999968050 | D226: Sevilla | E226: Girona | F226: 1 | G226: 1 | H226: D | I226: 0 | J226: 1 | K226: A | L226: 11 | M226: 15 | N226: 3 | O226: 6 | P226: 16 | Q226: 13 | R226: 5 | S226: 7 | T226: 3 | U226: 3 | V226: 0 | W226: 0 | X226: 2.15 | Y226: 3.3 | Z226: 3.5 | AA226: 2.05 | AB226: 3.4 | AC226: 3.5 | AD226: 2.07 | AE226: 3.35 | AF226: 3.7 | AG226: 2.1 | AH226: 3.4 | AI226: 3.4 | AJ226: 2.1 | AK226: 3.3 | AL226: 3.5 | AV226: 2.15 | AW226: 3.4 | AX226: 3.7 | AY226: 2.09 | AZ226: 3.33 | BA226: 3.51 | BB226: 2.22 | BC226: 3.45 | BD226: 3.75 | BE226: 2 | BF226: 1.8 | BI226: 2 | BJ226: 1.8 | BK226: 1.97 | BL226: 1.77 | BM226: 2.14 | BN226: 1.86 | BO226: -0.25 | BP226: 1.85 | BQ226: 2 | BT226: 1.85 | BU226: 2.04 | BV226: 1.79 | BW226: 1.97 | BX226: 1.9 | BY226: 2.08 | BZ226: 2 | CA226: 3.4 | CB226: 3.75 | CC226: 2.05 | CD226: 3.4 | CE226: 3.6 | CF226: 2.06 | CG226: 3.4 | CH226: 3.7 | CI226: 2 | CJ226: 3.5 | CK226: 3.75 | CL226: 2.05 | CM226: 3.4 | CN226: 3.7 | CX226: 2.06 | CY226: 3.5 | CZ226: 3.8 | DA226: 2.02 | DB226: 3.4 | DC226: 3.7 | DD226: 2.08 | DE226: 3.55 | DF226: 4.1 | DG226: 2.03 | DH226: 1.83 | DK226: 2.12 | DL226: 1.83 | DM226: 2.03 | DN226: 1.75 | DO226: 2.16 | DP226: 1.83 | DQ226: -0.5 | DR226: 2.03 | DS226: 1.83 | DV226: 2.05 | DW226: 1.83 | DX226: 1.98 | DY226: 1.77 | DZ226: 2.08 | EA226: 1.9
A227: SP1 | B227: 2026-02-08 | C227: 17:29:59.9999999999968050 | D227: Ath Madrid | E227: Betis | F227: 0 | G227: 1 | H227: A | I227: 0 | J227: 1 | K227: A | L227: 10 | M227: 8 | N227: 5 | O227: 4 | P227: 12 | Q227: 3 | R227: 7 | S227: 3 | T227: 3 | U227: 1 | V227: 0 | W227: 0 | X227: 1.48 | Y227: 4.75 | Z227: 6.25 | AA227: 1.5 | AB227: 4.33 | AC227: 6 | AD227: 1.5 | AE227: 4.4 | AF227: 6.25 | AG227: 1.44 | AH227: 4.2 | AI227: 6.5 | AJ227: 1.49 | AK227: 4.6 | AL227: 6 | AV227: 1.5 | AW227: 4.75 | AX227: 6.5 | AY227: 1.47 | AZ227: 4.47 | BA227: 6.15 | BB227: 1.5 | BC227: 5.1 | BD227: 7 | BE227: 1.67 | BF227: 2.2 | BI227: 1.67 | BJ227: 2.2 | BK227: 1.65 | BL227: 2.17 | BM227: 1.73 | BN227: 2.32 | BO227: -1.25 | BP227: 2.05 | BQ227: 1.8 | BT227: 2.08 | BU227: 1.83 | BV227: 2.02 | BW227: 1.76 | BX227: 2.09 | BY227: 1.83 | BZ227: 1.48 | CA227: 4.75 | CB227: 5.75 | CC227: 1.44 | CD227: 4.5 | CE227: 6.5 | CF227: 1.42 | CG227: 4.75 | CH227: 7.5 | CI227: 1.45 | CJ227: 4.6 | CK227: 7 | CL227: 1.49 | CM227: 4.75 | CN227: 6 | CO227: 1.48 | CP227: 4.8 | CQ227: 6 | CR227: 1.48 | CS227: 4.8 | CT227: 5.75 | CX227: 1.49 | CY227: 4.8 | CZ227: 7.5 | DA227: 1.45 | DB227: 4.66 | DC227: 6.35 | DD227: 1.49 | DE227: 5 | DF227: 7.4 | DG227: 1.57 | DH227: 2.38 | DK227: 1.6 | DL227: 2.38 | DM227: 1.57 | DN227: 2.31 | DO227: 1.65 | DP227: 2.48 | DQ227: -1.25 | DR227: 2.05 | DS227: 1.8 | DV227: 2.05 | DW227: 1.88 | DX227: 1.96 | DY227: 1.82 | DZ227: 2.08 | EA227: 1.9
A228: SP1 | B228: 2026-02-08 | C228: 20:00:00.0000000000031950 | D228: Valencia | E228: Real Madrid | F228: 0 | G228: 2 | H228: A | I228: 0 | J228: 0 | K228: D | L228: 7 | M228: 11 | N228: 0 | O228: 6 | P228: 10 | Q228: 13 | R228: 5 | S228: 8 | T228: 1 | U228: 1 | V228: 0 | W228: 0 | X228: 5.25 | Y228: 4.75 | Z228: 1.55 | AA228: 6 | AB228: 4.5 | AC228: 1.5 | AD228: 6 | AE228: 4.5 | AF228: 1.52 | AG228: 5.25 | AH228: 4.2 | AI228: 1.5 | AJ228: 5.5 | AK228: 4.75 | AL228: 1.52 | AV228: 6 | AW228: 4.75 | AX228: 1.55 | AY228: 5.59 | AZ228: 4.47 | BA228: 1.51 | BB228: 6 | BC228: 4.9 | BD228: 1.57 | BE228: 1.57 | BF228: 2.38 | BI228: 1.58 | BJ228: 2.4 | BK228: 1.55 | BL228: 2.35 | BM228: 1.62 | BN228: 2.52 | BO228: 1 | BP228: 1.98 | BQ228: 1.88 | BT228: 2 | BU228: 1.88 | BV228: 1.94 | BW228: 1.82 | BX228: 2.03 | BY228: 1.91 | BZ228: 4.75 | CA228: 4.2 | CB228: 1.65 | CC228: 5 | CD228: 4.2 | CE228: 1.6 | CF228: 5.6 | CG228: 4.25 | CH228: 1.57 | CI228: 5 | CJ228: 4.2 | CK228: 1.62 | CL228: 4.75 | CM228: 4 | CN228: 1.68 | CX228: 5.6 | CY228: 4.25 | CZ228: 1.68 | DA228: 5.01 | DB228: 4.1 | DC228: 1.62 | DD228: 5.6 | DE228: 4.4 | DF228: 1.66 | DG228: 1.67 | DH228: 2.2 | DK228: 1.68 | DL228: 2.38 | DM228: 1.63 | DN228: 2.23 | DO228: 1.71 | DP228: 2.38 | DQ228: 1 | DR228: 1.73 | DS228: 2.08 | DV228: 1.88 | DW228: 2.1 | DX228: 1.76 | DY228: 2.02 | DZ228: 1.84 | EA228: 2.14
A229: SP1 | B229: 2026-02-09 | C229: 20:00:00.0000000000031950 | D229: Villarreal | E229: Espanol | F229: 4 | G229: 1 | H229: H | I229: 2 | J229: 0 | K229: H | L229: 10 | M229: 9 | N229: 3 | O229: 2 | P229: 18 | Q229: 11 | R229: 5 | S229: 8 | T229: 3 | U229: 3 | V229: 0 | W229: 0 | X229: 1.7 | Y229: 4.33 | Z229: 4.33 | AA229: 1.67 | AB229: 4 | AC229: 4.6 | AD229: 1.68 | AE229: 4 | AF229: 4.8 | AG229: 1.62 | AH229: 3.8 | AI229: 4.6 | AJ229: 1.72 | AK229: 3.9 | AL229: 4.5 | AV229: 1.72 | AW229: 4.33 | AX229: 4.8 | AY229: 1.67 | AZ229: 3.99 | BA229: 4.53 | BB229: 1.71 | BC229: 4.3 | BD229: 4.9 | BE229: 1.73 | BF229: 2.1 | BI229: 1.8 | BJ229: 2.1 | BK229: 1.72 | BL229: 2.04 | BM229: 1.79 | BN229: 2.16 | BO229: -0.75 | BP229: 1.88 | BQ229: 1.98 | BT229: 1.9 | BU229: 1.98 | BV229: 1.85 | BW229: 1.92 | BX229: 1.9 | BY229: 2.04 | BZ229: 1.73 | CA229: 4 | CB229: 4.5 | CC229: 1.7 | CD229: 3.75 | CE229: 5 | CF229: 1.66 | CG229: 4.1 | CH229: 5 | CI229: 1.7 | CJ229: 3.9 | CK229: 4.8 | CL229: 1.7 | CM229: 3.9 | CN229: 4.75 | CO229: 1.7 | CP229: 3.9 | CQ229: 4.6 | CR229: 1.7 | CS229: 3.9 | CT229: 4.6 | CX229: 1.73 | CY229: 4.1 | CZ229: 5 | DA229: 1.69 | DB229: 3.91 | DC229: 4.73 | DD229: 1.75 | DE229: 4.1 | DF229: 5.2 | DG229: 1.8 | DH229: 2 | DK229: 1.83 | DL229: 2.08 | DM229: 1.77 | DN229: 1.99 | DO229: 1.89 | DP229: 2.1 | DQ229: -0.75 | DR229: 1.93 | DS229: 1.93 | DV229: 1.93 | DW229: 1.97 | DX229: 1.86 | DY229: 1.92 | DZ229: 1.98 | EA229: 2
A230: SP1 | B230: 2026-02-13 | C230: 20:00:00.0000000000031950 | D230: Elche | E230: Osasuna | F230: 0 | G230: 0 | H230: D | I230: 0 | J230: 0 | K230: D | L230: 17 | M230: 6 | N230: 5 | O230: 2 | P230: 13 | Q230: 18 | R230: 10 | S230: 3 | T230: 2 | U230: 4 | V230: 0 | W230: 0 | X230: 2.7 | Y230: 3.3 | Z230: 2.55 | AA230: 2.75 | AB230: 3.2 | AC230: 2.6 | AD230: 2.85 | AE230: 3 | AF230: 2.7 | AG230: 2.7 | AH230: 3.3 | AI230: 2.6 | AJ230: 2.85 | AK230: 3.1 | AL230: 2.6 | AV230: 2.85 | AW230: 3.3 | AX230: 2.75 | AY230: 2.77 | AZ230: 3.11 | BA230: 2.64 | BB230: 2.92 | BC230: 3.3 | BD230: 2.8 | BE230: 2.05 | BF230: 1.8 | BI230: 2.1 | BJ230: 1.8 | BK230: 2.01 | BL230: 1.75 | BM230: 2.1 | BN230: 1.88 | BO230: 0 | BP230: 1.98 | BQ230: 1.88 | BT230: 1.98 | BU230: 1.88 | BV230: 1.93 | BW230: 1.84 | BX230: 2.05 | BY230: 1.93 | BZ230: 2.9 | CA230: 3.2 | CB230: 2.6 | CC230: 2.88 | CD230: 3.2 | CE230: 2.5 | CF230: 2.95 | CG230: 3.1 | CH230: 2.55 | CI230: 2.88 | CJ230: 3.3 | CK230: 2.5 | CL230: 2.85 | CM230: 3.2 | CN230: 2.55 | CO230: 2.8 | CP230: 3.2 | CQ230: 2.6 | CR230: 2.8 | CS230: 3.2 | CT230: 2.5 | CX230: 2.95 | CY230: 3.3 | CZ230: 2.6 | DA230: 2.88 | DB230: 3.14 | DC230: 2.53 | DD230: 3.1 | DE230: 3.15 | DF230: 2.74 | DG230: 2.1 | DH230: 1.73 | DK230: 2.1 | DL230: 1.78 | DM230: 2.03 | DN230: 1.74 | DO230: 2.24 | DP230: 1.79 | DQ230: 0 | DR230: 2.05 | DS230: 1.8 | DV230: 2.05 | DW230: 1.83 | DX230: 2 | DY230: 1.77 | DZ230: 2.13 | EA230: 1.87
A231: SP1 | B231: 2026-02-14 | C231: 12:59:59.9999999999968050 | D231: Espanol | E231: Celta | F231: 2 | G231: 2 | H231: D | I231: 0 | J231: 1 | K231: A | L231: 9 | M231: 14 | N231: 3 | O231: 5 | P231: 9 | Q231: 11 | R231: 2 | S231: 2 | T231: 1 | U231: 0 | V231: 0 | W231: 0 | X231: 2.35 | Y231: 3.2 | Z231: 3 | AA231: 2.5 | AB231: 3.1 | AC231: 3 | AD231: 2.35 | AE231: 3.25 | AF231: 3.15 | AG231: 2.3 | AH231: 3.13 | AI231: 2.9 | AJ231: 2.55 | AK231: 3.2 | AL231: 2.85 | AV231: 2.55 | AW231: 3.25 | AX231: 3.15 | AY231: 2.41 | AZ231: 3.16 | BA231: 2.97 | BB231: 2.56 | BC231: 3.25 | BD231: 3.2 | BE231: 2.2 | BF231: 1.67 | BI231: 2.2 | BJ231: 1.67 | BK231: 2.16 | BL231: 1.66 | BM231: 2.3 | BN231: 1.73 | BO231: -0.25 | BP231: 2.05 | BQ231: 1.8 | BT231: 2.05 | BU231: 1.81 | BV231: 2.01 | BW231: 1.76 | BX231: 2.16 | BY231: 1.82 | BZ231: 2.63 | CA231: 3.1 | CB231: 2.8 | CC231: 2.6 | CD231: 3 | CE231: 2.88 | CF231: 2.5 | CG231: 3.1 | CH231: 3 | CI231: 2.6 | CJ231: 3.2 | CK231: 2.8 | CL231: 2.55 | CM231: 3 | CN231: 2.95 | CO231: 2.6 | CP231: 3 | CQ231: 3 | CR231: 2.6 | CS231: 3 | CT231: 2.9 | CX231: 2.7 | CY231: 3.2 | CZ231: 3 | DA231: 2.58 | DB231: 3.05 | DC231: 2.88 | DD231: 2.78 | DE231: 3.2 | DF231: 3 | DG231: 2.38 | DH231: 1.57 | DK231: 2.45 | DL231: 1.62 | DM231: 2.35 | DN231: 1.56 | DO231: 2.6 | DP231: 1.62 | DQ231: 0 | DR231: 1.85 | DS231: 2 | DV231: 1.85 | DW231: 2 | DX231: 1.81 | DY231: 1.96 | DZ231: 1.92 | EA231: 2.06
A232: SP1 | B232: 2026-02-14 | C232: 15:14:59.9999999999968050 | D232: Getafe | E232: Villarreal | F232: 2 | G232: 1 | H232: H | I232: 1 | J232: 0 | K232: H | L232: 5 | M232: 8 | N232: 2 | O232: 2 | P232: 21 | Q232: 17 | R232: 3 | S232: 4 | T232: 2 | U232: 3 | V232: 0 | W232: 0 | X232: 3.25 | Y232: 3.1 | Z232: 2.25 | AA232: 3.3 | AB232: 3.1 | AC232: 2.3 | AD232: 3.15 | AE232: 3.05 | AF232: 2.43 | AG232: 3.2 | AH232: 3 | AI232: 2.25 | AJ232: 3.3 | AK232: 3.2 | AL232: 2.25 | AM232: 3.3 | AN232: 3.2 | AO232: 2.25 | AP232: 3.3 | AQ232: 3.1 | AR232: 2.25 | AV232: 3.3 | AW232: 3.2 | AX232: 2.43 | AY232: 3.23 | AZ232: 3.07 | BA232: 2.31 | BB232: 3.55 | BC232: 3.15 | BD232: 2.4 | BE232: 2.5 | BF232: 1.53 | BI232: 2.5 | BJ232: 1.57 | BK232: 2.39 | BL232: 1.53 | BM232: 2.62 | BN232: 1.59 | BO232: 0.25 | BP232: 1.88 | BQ232: 1.98 | BT232: 1.88 | BU232: 2.05 | BV232: 1.8 | BW232: 1.97 | BX232: 1.94 | BY232: 2.02 | BZ232: 3.1 | CA232: 2.8 | CB232: 2.63 | CC232: 3.1 | CD232: 2.88 | CE232: 2.6 | CF232: 3.15 | CG232: 2.85 | CH232: 2.6 | CI232: 2.9 | CJ232: 3 | CK232: 2.63 | CL232: 3 | CM232: 2.85 | CN232: 2.65 | CO232: 3.1 | CP232: 2.8 | CQ232: 2.62 | CR232: 3.1 | CS232: 2.8 | CT232: 2.62 | CX232: 3.15 | CY232: 3 | CZ232: 2.7 | DA232: 3.05 | DB232: 2.84 | DC232: 2.61 | DD232: 3.25 | DE232: 3.05 | DF232: 2.72 | DG232: 3.2 | DH232: 1.36 | DK232: 3.2 | DL232: 1.44 | DM232: 2.77 | DN232: 1.42 | DO232: 3.05 | DP232: 1.48 | DQ232: 0 | DR232: 2.1 | DS232: 1.78 | DV232: 2.1 | DW232: 1.78 | DX232: 2.02 | DY232: 1.76 | DZ232: 2.16 | EA232: 1.84
A233: SP1 | B233: 2026-02-14 | C233: 17:29:59.9999999999968050 | D233: Sevilla | E233: Alaves | F233: 1 | G233: 1 | H233: D | I233: 1 | J233: 0 | K233: H | L233: 4 | M233: 12 | N233: 2 | O233: 1 | P233: 16 | Q233: 13 | R233: 0 | S233: 3 | T233: 5 | U233: 0 | V233: 2 | W233: 0 | X233: 2.1 | Y233: 3.1 | Z233: 3.6 | AA233: 2.1 | AB233: 3.1 | AC233: 3.75 | AD233: 2.1 | AE233: 3.15 | AF233: 3.9 | AG233: 2.05 | AH233: 3.1 | AI233: 3.5 | AJ233: 2.15 | AK233: 3.2 | AL233: 3.6 | AM233: 2.15 | AN233: 3.2 | AO233: 3.6 | AP233: 2.1 | AQ233: 3.2 | AR233: 3.6 | AV233: 2.15 | AW233: 3.2 | AX233: 4 | AY233: 2.09 | AZ233: 3.12 | BA233: 3.71 | BB233: 2.22 | BC233: 3.25 | BD233: 3.95 | BE233: 2.38 | BF233: 1.57 | BI233: 2.43 | BJ233: 1.6 | BK233: 2.34 | BL233: 1.55 | BM233: 2.5 | BN233: 1.63 | BO233: -0.25 | BP233: 1.83 | BQ233: 2.03 | BT233: 1.83 | BU233: 2.05 | BV233: 1.77 | BW233: 2.01 | BX233: 1.89 | BY233: 2.09 | BZ233: 2.15 | CA233: 2.9 | CB233: 4.1 | CC233: 2.1 | CD233: 3.1 | CE233: 3.75 | CF233: 2.02 | CG233: 3.2 | CH233: 4.1 | CI233: 2.1 | CJ233: 3.13 | CK233: 3.9 | CL233: 2.15 | CM233: 2.95 | CN233: 4 | CX233: 2.15 | CY233: 3.2 | CZ233: 4.1 | DA233: 2.1 | DB233: 3.05 | DC233: 3.92 | DD233: 2.22 | DE233: 3.1 | DF233: 4.3 | DG233: 2.75 | DH233: 1.44 | DK233: 2.75 | DL233: 1.55 | DM233: 2.48 | DN233: 1.51 | DO233: 2.68 | DP233: 1.58 | DQ233: -0.25 | DR233: 1.8 | DS233: 2.05 | DV233: 1.83 | DW233: 2.12 | DX233: 1.75 | DY233: 2.04 | DZ233: 1.86 | EA233: 2.14
A234: SP1 | B234: 2026-02-14 | C234: 20:00:00.0000000000031950 | D234: Real Madrid | E234: Sociedad | F234: 4 | G234: 1 | H234: H | I234: 3 | J234: 1 | K234: H | L234: 11 | M234: 13 | N234: 5 | O234: 3 | P234: 10 | Q234: 9 | R234: 4 | S234: 6 | T234: 1 | U234: 1 | V234: 0 | W234: 0 | X234: 1.33 | Y234: 5.25 | Z234: 8 | AA234: 1.33 | AB234: 5.5 | AC234: 8 | AD234: 1.34 | AE234: 5.5 | AF234: 8 | AG234: 1.33 | AH234: 5 | AI234: 7 | AJ234: 1.38 | AK234: 5.25 | AL234: 7 | AV234: 1.38 | AW234: 5.5 | AX234: 8.5 | AY234: 1.34 | AZ234: 5.27 | BA234: 7.59 | BB234: 1.43 | BC234: 5.5 | BD234: 8.2 | BE234: 1.44 | BF234: 2.75 | BI234: 1.45 | BJ234: 2.75 | BK234: 1.42 | BL234: 2.72 | BM234: 1.52 | BN234: 2.84 | BO234: -1.5 | BP234: 2.03 | BQ234: 1.83 | BT234: 2.03 | BU234: 1.95 | BV234: 1.91 | BW234: 1.82 | BX234: 2.07 | BY234: 1.86 | BZ234: 1.4 | CA234: 4.75 | CB234: 7 | CC234: 1.36 | CD234: 5 | CE234: 8 | CF234: 1.33 | CG234: 5.6 | CH234: 8.5 | CI234: 1.36 | CJ234: 5 | CK234: 8 | CL234: 1.4 | CM234: 5.25 | CN234: 6.75 | CX234: 1.4 | CY234: 5.6 | CZ234: 8.5 | DA234: 1.37 | DB234: 5.08 | DC234: 7.63 | DD234: 1.42 | DE234: 5.5 | DF234: 8.4 | DG234: 1.57 | DH234: 2.38 | DK234: 1.63 | DL234: 2.6 | DM234: 1.55 | DN234: 2.41 | DO234: 1.64 | DP234: 2.5 | DQ234: -1.25 | DR234: 1.85 | DS234: 2 | DV234: 1.85 | DW234: 2.12 | DX234: 1.77 | DY234: 2.01 | DZ234: 1.91 | EA234: 2.06
...

Sheet Resumen
B1: Local | C1: Visitante | D1: Total
A2: Victorias | B2: =COUNTIFS('SP1'!D:D,"Real Madrid",'SP1'!H:H,"H") -> 16 | C2: =COUNTIFS('SP1'!E:E,"Real Madrid",'SP1'!H:H,"A") -> 11 | D2: =B2+C2 -> 27
A3: Empates | B3: =COUNTIFS('SP1'!D:D,"Real Madrid",'SP1'!H:H,"D") -> 1 | C3: =COUNTIFS('SP1'!E:E,"Real Madrid",'SP1'!H:H,"D") -> 4 | D3: =B3+C3 -> 5
A4: Derrotas | B4: =COUNTIFS('SP1'!D:D,"Real Madrid",'SP1'!H:H,"A") -> 2 | C4: =COUNTIFS('SP1'!E:E,"Real Madrid",'SP1'!H:H,"H") -> 4 | D4: =B4+C4 -> 6
A5: Partidos | B5: =SUM(B2:B4) -> 19 | C5: =SUM(C2:C4) -> 19 | D5: =B5+C5 -> 38
A6: Puntos | B6: =B2*3+B3 -> 49 | C6: =C2*3+C3 -> 37 | D6: =B6+C6 -> 86
A7: Goles a Favor | B7: =SUMIF('SP1'!D:D,"Real Madrid",'SP1'!F:F) -> 45 | C7: =SUMIF('SP1'!E:E,"Real Madrid",'SP1'!G:G) -> 32 | D7: =B7+C7 -> 77
A8: Goles en Contra | B8: =SUMIF('SP1'!D:D,"Real Madrid",'SP1'!G:G) -> 16 | C8: =SUMIF('SP1'!E:E,"Real Madrid",'SP1'!F:F) -> 19 | D8: =B8+C8 -> 35
A9: Dif. Goles | B9: =B7-B8 -> 29 | C9: =C7-C8 -> 13 | D9: =B9+C9 -> 42

Sheet Notas
C3: Objetivo | D3: Analizar el rendimiento del Real Madrid en la temporada 2025/2026
C4: Preguntas | D4: 1. ¿Cuántos partidos ganó, empató y perdió de local y de visitante?
D5: 2. ¿Cuántos puntos sumó en cada condición?
D6: 3. ¿Cuántos goles anotó y recibió en cada condición?
D7: 4. ¿Rinde mejor de local o de visitante?
C8: Formulas | D8: 1. Formula contar.si.conjunto (se uso para contabilizar las victorias derrotas y empates del real madrid)
D9: 2. Formula sumar.si (se uso para contabilizar los goles cuando fue local y cuando fue visitante)
D10: 3. Formula sumar (se uso para sumar datos de local como visitante y sacar un total)
D11: 4. Formulas de operaciones matematicas simple para calcular los puntos
C12: Fuente de Datos | D12: football-data.co.uk, archivo SP1 de la temporada 2025/26.
C13: Conclusiones | D13: En conclusión el real madrid es un equipo que rindió muy bien de local durante la temporada ganando 16 partidos solo 2 derrotas y un empate de visitante no es que su rendimiento haya sido malo pero fue menor al de local ganando 11 partidos empató 4 y perdió 4. Con respecto a su dato de goles, es un equipo que anoto 45 goles de local y 32 de visita, recibiendo solo 16 de local y 19 de visitante. Sumo un total de 49 puntos de local y 37 de visitante. Podemos concluir que es un equipo que rinde mejor de local con 12 puntos mas obtenidos y 13 goles mas anotados de local
